2.683497,-0.488272,0.000000,1.000000,0.000000,0.000000,0.000000
-0.546660,-1.702935,0.000000,0.000000,1.000000,0.000000,0.000000
-4.081479,-1.416705,0.000000,0.000000,1.000000,0.000000,0.000000
-6.911617,-1.660284,0.000000,0.000000,1.000000,0.000000,0.000000
-8.062963,4.309952,0.000000,0.000000,0.000000,0.000000,1.000000
-0.411473,-5.922456,0.000000,0.000000,0.000000,1.000000,0.000000
-2.510301,-2.521100,1.000000,0.000000,0.000000,0.000000,0.000000
-3.676529,2.968058,0.000000,0.000000,0.000000,0.000000,1.000000
2.315394,-3.759207,0.000000,0.000000,0.000000,1.000000,0.000000
2.069089,-4.438623,0.000000,0.000000,0.000000,1.000000,0.000000
-5.400142,-2.194544,0.000000,0.000000,1.000000,0.000000,0.000000
-3.296381,3.481434,0.000000,0.000000,0.000000,0.000000,1.000000
1.976681,-3.493026,0.000000,0.000000,0.000000,1.000000,0.000000
-0.926424,-0.573256,0.000000,0.000000,1.000000,0.000000,0.000000
2.334195,1.769025,0.000000,1.000000,0.000000,0.000000,0.000000
-4.120706,-2.098038,0.000000,0.000000,1.000000,0.000000,0.000000
-2.420679,-0.343610,1.000000,0.000000,0.000000,0.000000,0.000000
-4.077932,-0.372288,1.000000,0.000000,0.000000,0.000000,0.000000
-3.795041,3.189372,0.000000,0.000000,0.000000,0.000000,1.000000
-4.095901,0.706425,1.000000,0.000000,0.000000,0.000000,0.000000
2.572719,-3.431244,0.000000,0.000000,0.000000,1.000000,0.000000
-4.365597,2.749110,1.000000,0.000000,0.000000,0.000000,0.000000
-5.589364,2.759378,0.000000,0.000000,0.000000,0.000000,1.000000
1.012041,-4.635385,0.000000,0.000000,0.000000,1.000000,0.000000
-2.244853,-1.749718,0.000000,0.000000,1.000000,0.000000,0.000000
-4.024949,2.224365,0.000000,0.000000,0.000000,0.000000,1.000000
2.382766,0.332916,0.000000,0.000000,1.000000,0.000000,0.000000
-3.676174,-0.367860,1.000000,0.000000,0.000000,0.000000,0.000000
-5.099324,-0.445713,1.000000,0.000000,0.000000,0.000000,0.000000
1.869707,-3.885992,0.000000,0.000000,0.000000,1.000000,0.000000
-2.597083,-1.752265,0.000000,0.000000,1.000000,0.000000,0.000000
2.492285,-4.089976,0.000000,0.000000,0.000000,1.000000,0.000000
-2.843293,-2.567575,0.000000,0.000000,1.000000,0.000000,0.000000
1.553135,-4.899725,0.000000,0.000000,0.000000,1.000000,0.000000
5.929413,2.981985,0.000000,1.000000,0.000000,0.000000,0.000000
6.718648,-0.627233,0.000000,1.000000,0.000000,0.000000,0.000000
-4.267472,-1.483238,1.000000,0.000000,0.000000,0.000000,0.000000
0.723644,-3.588568,0.000000,0.000000,0.000000,1.000000,0.000000
-3.581891,-1.390722,1.000000,0.000000,0.000000,0.000000,0.000000
-2.581469,4.603741,0.000000,0.000000,0.000000,0.000000,1.000000
1.302180,-0.773679,0.000000,0.000000,1.000000,0.000000,0.000000
-4.998135,-2.719473,0.000000,0.000000,1.000000,0.000000,0.000000
2.657073,0.013772,0.000000,1.000000,0.000000,0.000000,0.000000
-4.264771,0.349479,1.000000,0.000000,0.000000,0.000000,0.000000
-0.131344,-5.006973,0.000000,0.000000,0.000000,1.000000,0.000000
4.586537,1.375282,0.000000,1.000000,0.000000,0.000000,0.000000
1.920188,6.004436,0.000000,1.000000,0.000000,0.000000,0.000000
-3.669015,-2.077895,0.000000,0.000000,1.000000,0.000000,0.000000
3.878757,1.189345,0.000000,1.000000,0.000000,0.000000,0.000000
6.117542,2.202225,0.000000,1.000000,0.000000,0.000000,0.000000
-4.651537,-2.675378,0.000000,0.000000,1.000000,0.000000,0.000000
-1.794589,-2.046997,0.000000,0.000000,1.000000,0.000000,0.000000
-2.659244,4.431520,0.000000,0.000000,0.000000,0.000000,1.000000
-2.851802,-0.001133,1.000000,0.000000,0.000000,0.000000,0.000000
5.191737,2.578829,0.000000,1.000000,0.000000,0.000000,0.000000
-4.694079,-0.290859,1.000000,0.000000,0.000000,0.000000,0.000000
1.903867,0.467250,0.000000,1.000000,0.000000,0.000000,0.000000
-5.074448,0.018037,1.000000,0.000000,0.000000,0.000000,0.000000
1.446514,-4.790088,0.000000,0.000000,0.000000,1.000000,0.000000
-8.196304,0.893271,0.000000,0.000000,0.000000,0.000000,1.000000
-0.456494,-4.019819,0.000000,0.000000,0.000000,1.000000,0.000000
5.305887,0.356733,0.000000,1.000000,0.000000,0.000000,0.000000
-2.154699,-0.643233,1.000000,0.000000,0.000000,0.000000,0.000000
-5.482458,-1.028533,0.000000,0.000000,1.000000,0.000000,0.000000
0.096996,-4.165393,0.000000,0.000000,0.000000,1.000000,0.000000
-5.849260,-2.222520,0.000000,0.000000,1.000000,0.000000,0.000000
-3.533251,-2.504321,0.000000,0.000000,1.000000,0.000000,0.000000
6.626325,0.778736,0.000000,1.000000,0.000000,0.000000,0.000000
-2.858852,1.182466,1.000000,0.000000,0.000000,0.000000,0.000000
2.207014,-3.553747,0.000000,0.000000,0.000000,1.000000,0.000000
2.067793,-3.595238,0.000000,0.000000,0.000000,1.000000,0.000000
-6.951107,4.665606,0.000000,0.000000,0.000000,0.000000,1.000000
-4.225021,0.341141,1.000000,0.000000,0.000000,0.000000,0.000000
5.790712,-0.212134,0.000000,1.000000,0.000000,0.000000,0.000000
-0.000206,-4.523451,0.000000,0.000000,0.000000,1.000000,0.000000
-6.482553,5.365471,0.000000,0.000000,0.000000,0.000000,1.000000
10.327308,0.421039,0.000000,1.000000,0.000000,0.000000,0.000000
-3.757513,-1.169069,0.000000,0.000000,1.000000,0.000000,0.000000
5.591160,1.632578,0.000000,1.000000,0.000000,0.000000,0.000000
-5.994750,-0.926100,0.000000,0.000000,1.000000,0.000000,0.000000
-6.456127,4.915672,0.000000,0.000000,0.000000,0.000000,1.000000
-4.272456,1.929616,0.000000,0.000000,0.000000,0.000000,1.000000
1.287253,0.095148,0.000000,1.000000,0.000000,0.000000,0.000000
0.787482,-5.250971,0.000000,0.000000,0.000000,1.000000,0.000000
-2.951328,-0.918728,1.000000,0.000000,0.000000,0.000000,0.000000
-3.868062,1.159483,1.000000,0.000000,0.000000,0.000000,0.000000
-6.821384,4.497083,0.000000,0.000000,0.000000,0.000000,1.000000
4.817970,1.015531,0.000000,1.000000,0.000000,0.000000,0.000000
-2.448630,2.865599,0.000000,0.000000,0.000000,0.000000,1.000000
-2.865061,3.575867,0.000000,0.000000,0.000000,0.000000,1.000000
2.695100,4.078780,0.000000,1.000000,0.000000,0.000000,0.000000
-2.592354,-1.141988,1.000000,0.000000,0.000000,0.000000,0.000000
-5.322884,2.862526,0.000000,0.000000,0.000000,0.000000,1.000000
-1.240063,-5.897721,0.000000,0.000000,0.000000,1.000000,0.000000
4.075790,1.208601,0.000000,1.000000,0.000000,0.000000,0.000000
1.006966,-3.511977,0.000000,0.000000,0.000000,1.000000,0.000000
-2.423508,-1.681999,1.000000,0.000000,0.000000,0.000000,0.000000
-3.689060,4.282291,0.000000,0.000000,0.000000,0.000000,1.000000
-4.672890,3.571015,0.000000,0.000000,0.000000,0.000000,1.000000
0.768609,-1.862275,0.000000,0.000000,1.000000,0.000000,0.000000
-5.895546,6.173459,0.000000,0.000000,0.000000,0.000000,1.000000
-4.158408,-1.904096,0.000000,0.000000,1.000000,0.000000,0.000000
-4.113404,-1.996774,0.000000,0.000000,1.000000,0.000000,0.000000
-0.817242,-0.473442,0.000000,0.000000,1.000000,0.000000,0.000000
-4.029535,3.079655,0.000000,0.000000,0.000000,0.000000,1.000000
2.996578,-0.814778,0.000000,1.000000,0.000000,0.000000,0.000000
0.358149,-5.980536,0.000000,0.000000,0.000000,1.000000,0.000000
-1.097315,-0.673812,0.000000,0.000000,1.000000,0.000000,0.000000
-6.364747,-2.642830,0.000000,0.000000,1.000000,0.000000,0.000000
-3.982705,1.139854,1.000000,0.000000,0.000000,0.000000,0.000000
-4.691719,2.627781,0.000000,0.000000,0.000000,0.000000,1.000000
2.780771,2.231158,0.000000,1.000000,0.000000,0.000000,0.000000
-4.739738,2.940589,0.000000,0.000000,0.000000,0.000000,1.000000
-6.069913,2.755625,0.000000,0.000000,0.000000,0.000000,1.000000
-7.022393,-2.484912,0.000000,0.000000,1.000000,0.000000,0.000000
-4.285379,0.437698,1.000000,0.000000,0.000000,0.000000,0.000000
-2.630159,4.435826,0.000000,0.000000,0.000000,0.000000,1.000000
-4.418071,-1.849354,1.000000,0.000000,0.000000,0.000000,0.000000
-6.355156,5.583848,0.000000,0.000000,0.000000,0.000000,1.000000
0.671318,-5.232791,0.000000,0.000000,0.000000,1.000000,0.000000
7.195195,-1.795581,0.000000,1.000000,0.000000,0.000000,0.000000
-4.035840,1.277339,1.000000,0.000000,0.000000,0.000000,0.000000
-0.620699,-0.581200,0.000000,0.000000,1.000000,0.000000,0.000000
-3.931300,-2.117795,0.000000,0.000000,1.000000,0.000000,0.000000
-3.724707,1.449139,1.000000,0.000000,0.000000,0.000000,0.000000
-4.506311,-0.401267,1.000000,0.000000,0.000000,0.000000,0.000000
-4.013279,2.341563,1.000000,0.000000,0.000000,0.000000,0.000000
-5.354633,3.718499,0.000000,0.000000,0.000000,0.000000,1.000000
4.703824,-1.164961,0.000000,1.000000,0.000000,0.000000,0.000000
-3.357285,-1.643809,0.000000,0.000000,1.000000,0.000000,0.000000
-5.600219,2.887490,0.000000,0.000000,0.000000,0.000000,1.000000
4.026558,-1.571485,0.000000,1.000000,0.000000,0.000000,0.000000
-1.191816,2.594417,1.000000,0.000000,0.000000,0.000000,0.000000
-0.552578,-1.534124,0.000000,0.000000,1.000000,0.000000,0.000000
-5.628633,-1.317167,0.000000,0.000000,1.000000,0.000000,0.000000
2.385829,-2.232828,0.000000,0.000000,1.000000,0.000000,0.000000
-6.091458,3.608947,0.000000,0.000000,0.000000,0.000000,1.000000
-6.588380,1.889033,0.000000,0.000000,0.000000,0.000000,1.000000
-2.473972,-0.541510,0.000000,0.000000,1.000000,0.000000,0.000000
-6.034800,3.928445,0.000000,0.000000,0.000000,0.000000,1.000000
-6.250128,2.674802,0.000000,0.000000,0.000000,0.000000,1.000000
6.357264,0.288886,0.000000,1.000000,0.000000,0.000000,0.000000
-2.332908,3.707770,0.000000,0.000000,0.000000,0.000000,1.000000
1.590730,-3.694875,0.000000,0.000000,0.000000,1.000000,0.000000
6.184249,3.165111,0.000000,1.000000,0.000000,0.000000,0.000000
-2.570833,0.398261,1.000000,0.000000,0.000000,0.000000,0.000000
3.400839,-3.547803,0.000000,0.000000,0.000000,1.000000,0.000000
-11.510063,-3.573982,0.000000,0.000000,1.000000,0.000000,0.000000
0.904208,-4.705953,0.000000,0.000000,0.000000,1.000000,0.000000
-4.708039,1.468393,0.000000,0.000000,0.000000,0.000000,1.000000
-7.323765,3.235600,0.000000,0.000000,0.000000,0.000000,1.000000
-5.983017,-2.101260,0.000000,0.000000,1.000000,0.000000,0.000000
3.705804,0.239985,0.000000,1.000000,0.000000,0.000000,0.000000
6.269289,2.528918,0.000000,1.000000,0.000000,0.000000,0.000000
0.327652,-5.889912,0.000000,0.000000,0.000000,1.000000,0.000000
3.471119,1.133712,0.000000,1.000000,0.000000,0.000000,0.000000
-3.639004,0.253878,1.000000,0.000000,0.000000,0.000000,0.000000
-4.765995,-2.224836,0.000000,0.000000,1.000000,0.000000,0.000000
-5.601652,4.192049,0.000000,0.000000,0.000000,0.000000,1.000000
-3.587309,-0.894307,1.000000,0.000000,0.000000,0.000000,0.000000
3.820719,3.802950,0.000000,1.000000,0.000000,0.000000,0.000000
3.737289,-4.730257,0.000000,0.000000,0.000000,1.000000,0.000000
-4.299885,3.228614,0.000000,0.000000,0.000000,0.000000,1.000000
-1.824286,-1.585315,0.000000,0.000000,1.000000,0.000000,0.000000
-2.874736,3.996436,0.000000,0.000000,0.000000,0.000000,1.000000
1.305799,-4.012076,0.000000,0.000000,0.000000,1.000000,0.000000
8.204803,1.012313,0.000000,1.000000,0.000000,0.000000,0.000000
-5.966947,0.229813,1.000000,0.000000,0.000000,0.000000,0.000000
-5.109872,1.093343,1.000000,0.000000,0.000000,0.000000,0.000000
3.210232,-4.129039,0.000000,0.000000,0.000000,1.000000,0.000000
8.282271,-0.242934,0.000000,1.000000,0.000000,0.000000,0.000000
-7.802392,-1.906791,0.000000,0.000000,1.000000,0.000000,0.000000
-2.742751,-1.452764,0.000000,0.000000,1.000000,0.000000,0.000000
3.195651,-0.646385,0.000000,1.000000,0.000000,0.000000,0.000000
6.424853,1.779703,0.000000,1.000000,0.000000,0.000000,0.000000
0.647638,-4.749493,0.000000,0.000000,0.000000,1.000000,0.000000
-6.191704,2.024354,0.000000,0.000000,0.000000,0.000000,1.000000
-7.181635,2.167336,0.000000,0.000000,0.000000,0.000000,1.000000
5.705955,7.704561,0.000000,1.000000,0.000000,0.000000,0.000000
-7.027650,-1.835056,0.000000,0.000000,1.000000,0.000000,0.000000
-4.277748,3.583712,0.000000,0.000000,0.000000,0.000000,1.000000
-1.098827,-5.000732,0.000000,0.000000,0.000000,1.000000,0.000000
5.042679,3.687423,0.000000,1.000000,0.000000,0.000000,0.000000
-3.783726,-1.385247,1.000000,0.000000,0.000000,0.000000,0.000000
-5.926261,4.309189,0.000000,0.000000,0.000000,0.000000,1.000000
-5.337877,3.537124,0.000000,0.000000,0.000000,0.000000,1.000000
-4.891881,0.916678,1.000000,0.000000,0.000000,0.000000,0.000000
2.541281,-3.435974,0.000000,0.000000,0.000000,1.000000,0.000000
1.014045,-3.278088,0.000000,1.000000,0.000000,0.000000,0.000000
-4.188926,2.809988,0.000000,0.000000,0.000000,0.000000,1.000000
-4.263702,-2.212537,1.000000,0.000000,0.000000,0.000000,0.000000
-5.080016,1.275079,1.000000,0.000000,0.000000,0.000000,0.000000
-3.296932,3.837473,0.000000,0.000000,0.000000,0.000000,1.000000
-2.056563,-2.104717,0.000000,0.000000,1.000000,0.000000,0.000000
6.859320,1.494593,0.000000,1.000000,0.000000,0.000000,0.000000
-6.095554,-1.099183,0.000000,0.000000,1.000000,0.000000,0.000000
-3.327743,0.399058,1.000000,0.000000,0.000000,0.000000,0.000000
0.637427,-5.148138,0.000000,0.000000,0.000000,1.000000,0.000000
-2.071209,1.215862,1.000000,0.000000,0.000000,0.000000,0.000000
2.138875,-3.815654,0.000000,0.000000,0.000000,1.000000,0.000000
0.903262,-4.538240,0.000000,0.000000,0.000000,1.000000,0.000000
-5.164360,-2.036940,0.000000,0.000000,1.000000,0.000000,0.000000
-5.327843,4.269171,0.000000,0.000000,0.000000,0.000000,1.000000
-5.043741,1.145304,1.000000,0.000000,0.000000,0.000000,0.000000
2.178622,-2.963370,0.000000,0.000000,0.000000,1.000000,0.000000
-4.447110,0.940870,1.000000,0.000000,0.000000,0.000000,0.000000
5.829301,1.069646,0.000000,1.000000,0.000000,0.000000,0.000000
-6.013077,2.790602,0.000000,0.000000,0.000000,0.000000,1.000000
2.284212,-2.609951,0.000000,0.000000,0.000000,1.000000,0.000000
-4.334158,-1.854660,0.000000,0.000000,1.000000,0.000000,0.000000
-1.548765,-0.281381,1.000000,0.000000,0.000000,0.000000,0.000000
-4.099389,-1.120589,0.000000,0.000000,1.000000,0.000000,0.000000
0.249849,-6.058160,0.000000,0.000000,0.000000,1.000000,0.000000
-2.994519,-0.566518,0.000000,0.000000,1.000000,0.000000,0.000000
1.200901,-0.757833,0.000000,1.000000,0.000000,0.000000,0.000000
-1.785294,-1.306281,1.000000,0.000000,0.000000,0.000000,0.000000
3.499274,2.978893,0.000000,1.000000,0.000000,0.000000,0.000000
-2.993708,-5.561040,0.000000,0.000000,0.000000,1.000000,0.000000
-6.360197,1.552101,0.000000,0.000000,0.000000,0.000000,1.000000
-5.349091,-1.047187,0.000000,0.000000,1.000000,0.000000,0.000000
8.316232,-1.834463,0.000000,1.000000,0.000000,0.000000,0.000000
-5.837411,2.991969,0.000000,0.000000,0.000000,0.000000,1.000000
0.796743,-6.190670,0.000000,0.000000,0.000000,1.000000,0.000000
-4.588442,-2.103848,0.000000,0.000000,1.000000,0.000000,0.000000
-1.992988,-3.127545,1.000000,0.000000,0.000000,0.000000,0.000000
-7.223939,3.195514,0.000000,0.000000,0.000000,0.000000,1.000000
-3.976847,-1.379029,0.000000,0.000000,1.000000,0.000000,0.000000
6.037628,-0.428356,0.000000,1.000000,0.000000,0.000000,0.000000
-5.377740,3.297152,0.000000,0.000000,0.000000,0.000000,1.000000
0.534524,-0.878664,0.000000,0.000000,1.000000,0.000000,0.000000
-3.191174,0.666318,1.000000,0.000000,0.000000,0.000000,0.000000
-5.580519,-1.760798,0.000000,0.000000,1.000000,0.000000,0.000000
-4.375019,0.896421,1.000000,0.000000,0.000000,0.000000,0.000000
2.654018,1.952626,0.000000,1.000000,0.000000,0.000000,0.000000
-1.872431,-2.437135,0.000000,0.000000,1.000000,0.000000,0.000000
2.513451,-3.766115,0.000000,0.000000,0.000000,1.000000,0.000000
5.748796,-1.581642,0.000000,1.000000,0.000000,0.000000,0.000000
7.915763,-2.618743,0.000000,1.000000,0.000000,0.000000,0.000000
5.801284,0.359741,0.000000,1.000000,0.000000,0.000000,0.000000
-4.388907,3.620106,0.000000,0.000000,0.000000,0.000000,1.000000
-1.451545,-1.594608,0.000000,0.000000,1.000000,0.000000,0.000000
-4.978878,4.827967,0.000000,0.000000,0.000000,0.000000,1.000000
-2.194232,-3.254325,1.000000,0.000000,0.000000,0.000000,0.000000
-3.201853,3.026326,1.000000,0.000000,0.000000,0.000000,0.000000
-4.600853,2.010518,1.000000,0.000000,0.000000,0.000000,0.000000
8.900836,1.619336,0.000000,1.000000,0.000000,0.000000,0.000000
-4.663040,-0.658653,1.000000,0.000000,0.000000,0.000000,0.000000
-3.403323,-1.547775,1.000000,0.000000,0.000000,0.000000,0.000000
-3.044875,-2.497695,0.000000,0.000000,1.000000,0.000000,0.000000
-0.040805,-5.378335,0.000000,0.000000,0.000000,1.000000,0.000000
-5.945415,4.504110,0.000000,0.000000,0.000000,0.000000,1.000000
-3.380415,-2.135105,1.000000,0.000000,0.000000,0.000000,0.000000
8.374949,2.303534,0.000000,1.000000,0.000000,0.000000,0.000000
1.288866,0.828389,0.000000,1.000000,0.000000,0.000000,0.000000
-4.744714,-2.976970,1.000000,0.000000,0.000000,0.000000,0.000000
2.083195,-5.570623,0.000000,0.000000,0.000000,1.000000,0.000000
2.458041,-0.157064,0.000000,1.000000,0.000000,0.000000,0.000000
5.059172,-1.007068,0.000000,1.000000,0.000000,0.000000,0.000000
6.444950,1.986347,0.000000,1.000000,0.000000,0.000000,0.000000
2.453732,1.611782,0.000000,1.000000,0.000000,0.000000,0.000000
-5.569296,2.691387,0.000000,0.000000,0.000000,0.000000,1.000000
-6.051365,1.031774,1.000000,0.000000,0.000000,0.000000,0.000000
-6.067344,-2.075914,0.000000,0.000000,1.000000,0.000000,0.000000
-1.357043,0.315884,1.000000,0.000000,0.000000,0.000000,0.000000
-2.286184,-0.180035,0.000000,0.000000,1.000000,0.000000,0.000000
-6.055219,4.603361,0.000000,0.000000,0.000000,0.000000,1.000000
1.591616,-5.200660,0.000000,0.000000,0.000000,1.000000,0.000000
-0.593126,0.342033,0.000000,0.000000,1.000000,0.000000,0.000000
2.590193,-0.076714,0.000000,1.000000,0.000000,0.000000,0.000000
-1.615056,-1.882206,0.000000,0.000000,1.000000,0.000000,0.000000
-6.865303,0.309393,0.000000,0.000000,0.000000,0.000000,1.000000
-2.988518,-1.922714,1.000000,0.000000,0.000000,0.000000,0.000000
2.501228,3.179120,0.000000,1.000000,0.000000,0.000000,0.000000
-3.219059,0.834867,1.000000,0.000000,0.000000,0.000000,0.000000
5.332248,1.052312,0.000000,1.000000,0.000000,0.000000,0.000000
-3.924193,0.299808,1.000000,0.000000,0.000000,0.000000,0.000000
1.890978,-5.031153,0.000000,0.000000,0.000000,1.000000,0.000000
-4.754219,1.268368,1.000000,0.000000,0.000000,0.000000,0.000000
-4.270131,4.344492,0.000000,0.000000,0.000000,0.000000,1.000000
4.106867,-0.638683,0.000000,1.000000,0.000000,0.000000,0.000000
3.371656,-2.544687,0.000000,0.000000,0.000000,1.000000,0.000000
2.196390,-3.693807,0.000000,0.000000,0.000000,1.000000,0.000000
-0.038030,-0.129699,0.000000,0.000000,1.000000,0.000000,0.000000
8.235787,3.623407,0.000000,1.000000,0.000000,0.000000,0.000000
-3.811781,4.480319,0.000000,0.000000,0.000000,0.000000,1.000000
1.178599,-5.204973,0.000000,0.000000,0.000000,1.000000,0.000000
9.403440,2.796412,0.000000,1.000000,0.000000,0.000000,0.000000
-0.293688,-5.504692,0.000000,0.000000,0.000000,1.000000,0.000000
-0.408535,-5.284483,0.000000,0.000000,0.000000,1.000000,0.000000
3.327599,-4.592529,0.000000,0.000000,0.000000,1.000000,0.000000
-6.802092,-0.279790,0.000000,0.000000,1.000000,0.000000,0.000000
3.958265,0.089390,0.000000,1.000000,0.000000,0.000000,0.000000
-3.299125,4.169057,0.000000,0.000000,0.000000,0.000000,1.000000
-1.923367,-1.731048,0.000000,0.000000,1.000000,0.000000,0.000000
-2.799952,0.966024,1.000000,0.000000,0.000000,0.000000,0.000000
-3.200704,6.376681,0.000000,0.000000,0.000000,0.000000,1.000000
1.560788,-5.053194,0.000000,0.000000,0.000000,1.000000,0.000000
0.971078,-4.683096,0.000000,0.000000,0.000000,1.000000,0.000000
-7.075948,3.276051,0.000000,0.000000,0.000000,0.000000,1.000000
-6.295686,1.900351,1.000000,0.000000,0.000000,0.000000,0.000000
-3.635367,4.111343,0.000000,0.000000,0.000000,0.000000,1.000000
-7.134522,4.184736,0.000000,0.000000,0.000000,0.000000,1.000000
-4.896735,2.021193,0.000000,0.000000,0.000000,0.000000,1.000000
2.238345,1.324031,0.000000,1.000000,0.000000,0.000000,0.000000
2.334622,4.212985,0.000000,1.000000,0.000000,0.000000,0.000000
0.657302,-4.284239,0.000000,0.000000,0.000000,1.000000,0.000000
3.114086,-1.582022,0.000000,0.000000,0.000000,1.000000,0.000000
-2.575592,-1.482699,1.000000,0.000000,0.000000,0.000000,0.000000
-4.287434,3.645138,0.000000,0.000000,0.000000,0.000000,1.000000
2.292363,-5.026445,0.000000,0.000000,0.000000,1.000000,0.000000
0.157270,-6.503876,0.000000,0.000000,0.000000,1.000000,0.000000
-2.279603,-1.051446,0.000000,0.000000,1.000000,0.000000,0.000000
1.578026,-5.087290,0.000000,0.000000,0.000000,1.000000,0.000000
-3.312056,2.180551,1.000000,0.000000,0.000000,0.000000,0.000000
-1.175831,-1.845199,0.000000,0.000000,1.000000,0.000000,0.000000
2.153950,-4.466036,0.000000,1.000000,0.000000,0.000000,0.000000
-3.196175,4.535979,0.000000,0.000000,0.000000,0.000000,1.000000
-0.459205,-5.926274,0.000000,0.000000,0.000000,1.000000,0.000000
-6.518416,3.457900,0.000000,0.000000,0.000000,0.000000,1.000000
0.771502,-3.633638,0.000000,0.000000,0.000000,1.000000,0.000000
-5.578263,3.045302,0.000000,0.000000,0.000000,0.000000,1.000000
-2.322553,5.485354,0.000000,0.000000,0.000000,0.000000,1.000000
4.937248,-0.278246,0.000000,1.000000,0.000000,0.000000,0.000000
-2.570254,-2.011586,0.000000,0.000000,1.000000,0.000000,0.000000
-0.634727,-1.224794,0.000000,0.000000,1.000000,0.000000,0.000000
-3.460967,1.017882,1.000000,0.000000,0.000000,0.000000,0.000000
6.103300,3.581446,0.000000,1.000000,0.000000,0.000000,0.000000
-5.401517,4.406531,0.000000,0.000000,0.000000,0.000000,1.000000
-3.268787,-0.170871,1.000000,0.000000,0.000000,0.000000,0.000000
-0.476486,-0.431682,0.000000,1.000000,0.000000,0.000000,0.000000
-6.934504,-2.179009,0.000000,0.000000,1.000000,0.000000,0.000000
-4.753886,1.034656,1.000000,0.000000,0.000000,0.000000,0.000000
-4.955820,1.520076,1.000000,0.000000,0.000000,0.000000,0.000000
-3.552324,4.371538,0.000000,0.000000,0.000000,0.000000,1.000000
5.986105,0.866034,0.000000,1.000000,0.000000,0.000000,0.000000
-3.268912,-1.755554,1.000000,0.000000,0.000000,0.000000,0.000000
2.271798,-0.550296,0.000000,1.000000,0.000000,0.000000,0.000000
-8.194655,-2.703659,0.000000,0.000000,1.000000,0.000000,0.000000
-0.704239,-5.900993,0.000000,0.000000,0.000000,1.000000,0.000000
2.076010,-3.252003,0.000000,0.000000,0.000000,1.000000,0.000000
-1.908829,-5.904720,0.000000,0.000000,0.000000,1.000000,0.000000
1.122152,-4.459029,0.000000,0.000000,0.000000,1.000000,0.000000
0.927120,-5.197661,0.000000,0.000000,0.000000,1.000000,0.000000
3.821499,0.819592,0.000000,1.000000,0.000000,0.000000,0.000000
-4.958311,0.519985,1.000000,0.000000,0.000000,0.000000,0.000000
-3.083800,0.118972,1.000000,0.000000,0.000000,0.000000,0.000000
-2.929181,-0.172952,1.000000,0.000000,0.000000,0.000000,0.000000
5.718233,2.002777,0.000000,1.000000,0.000000,0.000000,0.000000
-5.367333,2.677610,0.000000,0.000000,0.000000,0.000000,1.000000
1.842361,-4.575382,0.000000,0.000000,0.000000,1.000000,0.000000
-2.072810,-1.873695,0.000000,0.000000,1.000000,0.000000,0.000000
-0.482595,-4.538446,0.000000,0.000000,0.000000,1.000000,0.000000
-3.862428,4.316354,0.000000,0.000000,0.000000,0.000000,1.000000
7.639649,6.562078,0.000000,1.000000,0.000000,0.000000,0.000000
-5.398022,4.980904,0.000000,0.000000,0.000000,0.000000,1.000000
-2.786679,-0.702571,0.000000,0.000000,1.000000,0.000000,0.000000
-1.515165,0.593442,1.000000,0.000000,0.000000,0.000000,0.000000
-1.460354,-1.002562,0.000000,0.000000,1.000000,0.000000,0.000000
-2.936272,-0.482094,1.000000,0.000000,0.000000,0.000000,0.000000
-3.346987,0.148985,1.000000,0.000000,0.000000,0.000000,0.000000
-2.439302,-1.062992,0.000000,0.000000,1.000000,0.000000,0.000000
1.130868,-2.947429,0.000000,0.000000,0.000000,1.000000,0.000000
-4.813805,1.255279,1.000000,0.000000,0.000000,0.000000,0.000000
-3.079215,1.558441,1.000000,0.000000,0.000000,0.000000,0.000000
-7.582967,2.078149,0.000000,0.000000,0.000000,0.000000,1.000000
-4.177018,-1.441505,1.000000,0.000000,0.000000,0.000000,0.000000
-1.171930,-5.566915,0.000000,0.000000,0.000000,1.000000,0.000000
0.006443,-0.951412,0.000000,0.000000,1.000000,0.000000,0.000000
-4.321038,0.605338,1.000000,0.000000,0.000000,0.000000,0.000000
-2.523650,-1.979355,0.000000,0.000000,1.000000,0.000000,0.000000
2.057475,-4.916444,0.000000,0.000000,0.000000,1.000000,0.000000
2.294526,-3.589863,0.000000,0.000000,0.000000,1.000000,0.000000
-5.765656,-1.466730,0.000000,0.000000,1.000000,0.000000,0.000000
-6.041996,1.406436,0.000000,0.000000,0.000000,0.000000,1.000000
-4.199277,-2.231927,0.000000,0.000000,1.000000,0.000000,0.000000
1.835019,-3.634186,0.000000,0.000000,0.000000,1.000000,0.000000
0.527943,-4.390066,0.000000,0.000000,0.000000,1.000000,0.000000
0.070957,-0.331343,0.000000,0.000000,1.000000,0.000000,0.000000
3.265679,-3.802260,0.000000,0.000000,0.000000,1.000000,0.000000
-0.494287,-1.198676,0.000000,0.000000,1.000000,0.000000,0.000000
8.192069,0.595095,0.000000,1.000000,0.000000,0.000000,0.000000
-4.270907,0.779750,1.000000,0.000000,0.000000,0.000000,0.000000
-1.772052,4.174057,0.000000,0.000000,0.000000,0.000000,1.000000
3.538646,1.022271,0.000000,1.000000,0.000000,0.000000,0.000000
-4.649847,0.840756,1.000000,0.000000,0.000000,0.000000,0.000000
-4.636291,0.563273,1.000000,0.000000,0.000000,0.000000,0.000000
-0.664028,-2.048340,1.000000,0.000000,0.000000,0.000000,0.000000
7.431721,3.899111,0.000000,1.000000,0.000000,0.000000,0.000000
-2.007022,0.557051,1.000000,0.000000,0.000000,0.000000,0.000000
-3.991018,5.063604,0.000000,0.000000,0.000000,0.000000,1.000000
-4.036412,4.984734,0.000000,0.000000,0.000000,0.000000,1.000000
-1.186259,-1.839491,0.000000,0.000000,1.000000,0.000000,0.000000
-6.174121,3.007268,0.000000,0.000000,0.000000,0.000000,1.000000
5.661164,4.006039,0.000000,1.000000,0.000000,0.000000,0.000000
7.157445,-0.484731,0.000000,1.000000,0.000000,0.000000,0.000000
-1.951336,-1.973090,0.000000,0.000000,1.000000,0.000000,0.000000
4.725650,5.830086,0.000000,1.000000,0.000000,0.000000,0.000000
2.371156,-5.350620,0.000000,0.000000,0.000000,1.000000,0.000000
-6.928604,2.738519,0.000000,0.000000,0.000000,0.000000,1.000000
-1.346375,-1.330066,0.000000,0.000000,1.000000,0.000000,0.000000
6.427882,2.466967,0.000000,1.000000,0.000000,0.000000,0.000000
-6.167764,3.296302,0.000000,0.000000,0.000000,0.000000,1.000000
-5.269425,4.272001,0.000000,0.000000,0.000000,0.000000,1.000000
1.784313,-5.770985,0.000000,0.000000,0.000000,1.000000,0.000000
-3.311205,-1.876607,0.000000,0.000000,1.000000,0.000000,0.000000
-3.408903,0.180434,1.000000,0.000000,0.000000,0.000000,0.000000
3.410885,1.115263,0.000000,1.000000,0.000000,0.000000,0.000000
2.620998,-4.679751,0.000000,0.000000,0.000000,1.000000,0.000000
-6.514230,2.389049,1.000000,0.000000,0.000000,0.000000,0.000000
-2.629568,-0.168082,0.000000,0.000000,1.000000,0.000000,0.000000
-3.560196,3.001091,0.000000,0.000000,0.000000,0.000000,1.000000
-5.163756,-1.692075,0.000000,0.000000,1.000000,0.000000,0.000000
-0.790038,-4.118041,0.000000,0.000000,0.000000,1.000000,0.000000
-0.317577,-2.769429,0.000000,0.000000,0.000000,1.000000,0.000000
-8.003026,3.036319,0.000000,0.000000,0.000000,0.000000,1.000000
1.320601,-3.981705,0.000000,0.000000,0.000000,1.000000,0.000000
-1.192533,0.335496,0.000000,0.000000,1.000000,0.000000,0.000000
0.056103,-4.908662,0.000000,0.000000,0.000000,1.000000,0.000000
3.077098,-5.961153,0.000000,0.000000,0.000000,1.000000,0.000000
4.487701,4.996112,0.000000,1.000000,0.000000,0.000000,0.000000
-0.889875,3.667245,0.000000,0.000000,0.000000,0.000000,1.000000
-3.244224,-2.093531,0.000000,0.000000,1.000000,0.000000,0.000000
-4.552893,4.050038,0.000000,0.000000,0.000000,0.000000,1.000000
-3.772242,-4.924741,0.000000,0.000000,0.000000,1.000000,0.000000
5.544231,0.000427,0.000000,1.000000,0.000000,0.000000,0.000000
2.273130,-1.096034,0.000000,0.000000,1.000000,0.000000,0.000000
0.241056,-4.705240,0.000000,0.000000,0.000000,1.000000,0.000000
0.010691,-0.579726,0.000000,0.000000,1.000000,0.000000,0.000000
-2.299286,-1.737520,0.000000,0.000000,1.000000,0.000000,0.000000
1.934418,-4.721915,0.000000,0.000000,0.000000,1.000000,0.000000
-0.915112,-1.291034,0.000000,0.000000,1.000000,0.000000,0.000000
1.972287,-4.361714,0.000000,0.000000,0.000000,1.000000,0.000000
0.378686,-5.527265,0.000000,0.000000,0.000000,1.000000,0.000000
1.307324,-2.791266,0.000000,1.000000,0.000000,0.000000,0.000000
-3.532665,-0.895781,0.000000,0.000000,1.000000,0.000000,0.000000
5.685856,2.498313,0.000000,1.000000,0.000000,0.000000,0.000000
1.671100,-5.080628,0.000000,0.000000,0.000000,1.000000,0.000000
-5.050976,0.958513,1.000000,0.000000,0.000000,0.000000,0.000000
-6.096804,2.051673,0.000000,0.000000,0.000000,0.000000,1.000000
-5.754997,1.223192,1.000000,0.000000,0.000000,0.000000,0.000000
-3.265578,-1.604946,0.000000,0.000000,1.000000,0.000000,0.000000
-1.338460,-5.018024,0.000000,0.000000,0.000000,1.000000,0.000000
-4.292159,3.175396,1.000000,0.000000,0.000000,0.000000,0.000000
-7.488292,3.616292,0.000000,0.000000,0.000000,0.000000,1.000000
-1.953889,-1.176897,0.000000,0.000000,1.000000,0.000000,0.000000
-5.001094,3.403432,0.000000,0.000000,0.000000,0.000000,1.000000
-2.045759,-1.778582,1.000000,0.000000,0.000000,0.000000,0.000000
1.663801,-3.819288,0.000000,0.000000,0.000000,1.000000,0.000000
1.397987,-3.989725,0.000000,0.000000,0.000000,1.000000,0.000000
4.745364,2.459748,0.000000,1.000000,0.000000,0.000000,0.000000
8.333109,-0.148053,0.000000,1.000000,0.000000,0.000000,0.000000
-3.076472,2.736132,1.000000,0.000000,0.000000,0.000000,0.000000
-0.584519,-0.729575,0.000000,0.000000,1.000000,0.000000,0.000000
1.279931,-3.484331,0.000000,0.000000,0.000000,1.000000,0.000000
7.381095,3.165173,0.000000,1.000000,0.000000,0.000000,0.000000
-4.030539,0.345976,1.000000,0.000000,0.000000,0.000000,0.000000
-2.279570,-0.640285,0.000000,0.000000,1.000000,0.000000,0.000000
-4.532475,0.317881,1.000000,0.000000,0.000000,0.000000,0.000000
-2.864117,-2.341315,1.000000,0.000000,0.000000,0.000000,0.000000
1.210372,-4.692230,0.000000,0.000000,0.000000,1.000000,0.000000
-6.927839,2.048174,0.000000,0.000000,0.000000,0.000000,1.000000
3.457122,4.151314,0.000000,1.000000,0.000000,0.000000,0.000000
-5.573027,2.924147,0.000000,0.000000,0.000000,0.000000,1.000000
5.581221,-1.940948,0.000000,1.000000,0.000000,0.000000,0.000000
-5.139595,0.474560,1.000000,0.000000,0.000000,0.000000,0.000000
-0.956496,-1.426521,0.000000,0.000000,1.000000,0.000000,0.000000
-2.757446,0.322926,1.000000,0.000000,0.000000,0.000000,0.000000
-4.834305,2.729297,0.000000,0.000000,0.000000,0.000000,1.000000
-7.077019,1.614849,0.000000,0.000000,0.000000,0.000000,1.000000
-4.262246,0.339532,1.000000,0.000000,0.000000,0.000000,0.000000
-2.302079,4.300176,0.000000,0.000000,0.000000,0.000000,1.000000
-9.122575,-2.340339,0.000000,0.000000,1.000000,0.000000,0.000000
-1.324893,-0.869202,1.000000,0.000000,0.000000,0.000000,0.000000
0.434519,-4.784759,0.000000,0.000000,0.000000,1.000000,0.000000
2.121546,-0.153529,0.000000,1.000000,0.000000,0.000000,0.000000
0.991898,-3.759463,0.000000,0.000000,0.000000,1.000000,0.000000
-3.922260,-1.956436,0.000000,0.000000,1.000000,0.000000,0.000000
-10.511746,-2.238371,0.000000,0.000000,1.000000,0.000000,0.000000
1.718952,0.901727,0.000000,0.000000,1.000000,0.000000,0.000000
-4.452786,3.757991,0.000000,0.000000,0.000000,0.000000,1.000000
5.214406,2.652286,0.000000,1.000000,0.000000,0.000000,0.000000
3.269131,0.568393,0.000000,1.000000,0.000000,0.000000,0.000000
2.419796,-2.830828,0.000000,0.000000,0.000000,1.000000,0.000000
2.300721,-4.861955,0.000000,0.000000,0.000000,1.000000,0.000000
-2.139158,1.506017,1.000000,0.000000,0.000000,0.000000,0.000000
-2.205888,-5.835151,0.000000,0.000000,0.000000,1.000000,0.000000
-6.975208,3.892119,0.000000,0.000000,0.000000,0.000000,1.000000
-2.868257,-5.978697,0.000000,0.000000,0.000000,1.000000,0.000000
-4.913799,-1.704175,1.000000,0.000000,0.000000,0.000000,0.000000
-5.218258,-2.781139,0.000000,0.000000,1.000000,0.000000,0.000000
6.884937,0.880116,0.000000,1.000000,0.000000,0.000000,0.000000
-3.579787,4.154424,0.000000,0.000000,0.000000,0.000000,1.000000
-0.831561,-1.593535,0.000000,0.000000,1.000000,0.000000,0.000000
-3.430291,3.349033,0.000000,0.000000,0.000000,0.000000,1.000000
-6.251928,3.047649,0.000000,0.000000,0.000000,0.000000,1.000000
3.013190,1.725524,0.000000,1.000000,0.000000,0.000000,0.000000
1.332727,-4.310283,0.000000,0.000000,0.000000,1.000000,0.000000
-2.602939,-0.726764,1.000000,0.000000,0.000000,0.000000,0.000000
0.435893,-3.791121,0.000000,0.000000,0.000000,1.000000,0.000000
-1.824632,-3.690122,0.000000,0.000000,0.000000,1.000000,0.000000
4.477824,1.851202,0.000000,1.000000,0.000000,0.000000,0.000000
1.924998,-3.830270,0.000000,0.000000,0.000000,1.000000,0.000000
-6.641104,1.949965,0.000000,0.000000,0.000000,0.000000,1.000000
-0.381975,-0.560420,0.000000,0.000000,1.000000,0.000000,0.000000
-0.373203,-4.038154,0.000000,0.000000,0.000000,1.000000,0.000000
-4.195815,-0.114332,1.000000,0.000000,0.000000,0.000000,0.000000
4.682284,3.004467,0.000000,1.000000,0.000000,0.000000,0.000000
3.670319,-3.671405,0.000000,0.000000,0.000000,1.000000,0.000000
1.815886,1.405727,0.000000,1.000000,0.000000,0.000000,0.000000
-5.055919,3.710066,0.000000,0.000000,0.000000,0.000000,1.000000
-4.890541,-1.816780,0.000000,0.000000,1.000000,0.000000,0.000000
4.377990,3.652345,0.000000,1.000000,0.000000,0.000000,0.000000
-2.839557,0.845390,1.000000,0.000000,0.000000,0.000000,0.000000
-3.396376,2.570036,1.000000,0.000000,0.000000,0.000000,0.000000
-5.351412,3.878124,0.000000,0.000000,0.000000,0.000000,1.000000
1.948776,-2.294644,0.000000,0.000000,0.000000,1.000000,0.000000
-5.639229,-0.085570,1.000000,0.000000,0.000000,0.000000,0.000000
-0.465475,-5.257076,0.000000,0.000000,0.000000,1.000000,0.000000
-3.207946,1.579177,1.000000,0.000000,0.000000,0.000000,0.000000
-5.474728,5.263576,0.000000,0.000000,0.000000,0.000000,1.000000
-4.528063,-0.405823,1.000000,0.000000,0.000000,0.000000,0.000000
-4.514417,1.535861,1.000000,0.000000,0.000000,0.000000,0.000000
-6.574775,3.391724,0.000000,0.000000,0.000000,0.000000,1.000000
-2.738868,-1.278968,0.000000,0.000000,1.000000,0.000000,0.000000
-3.128073,-1.105214,1.000000,0.000000,0.000000,0.000000,0.000000
7.128212,2.769967,0.000000,1.000000,0.000000,0.000000,0.000000
-6.510079,4.557889,0.000000,0.000000,0.000000,0.000000,1.000000
4.814410,4.021780,0.000000,1.000000,0.000000,0.000000,0.000000
-6.978795,3.855740,0.000000,0.000000,0.000000,0.000000,1.000000
6.535306,-5.571419,0.000000,1.000000,0.000000,0.000000,0.000000
-4.318339,-1.701457,0.000000,0.000000,1.000000,0.000000,0.000000
-6.822105,-2.361289,0.000000,0.000000,1.000000,0.000000,0.000000
2.016449,-2.632751,0.000000,0.000000,0.000000,1.000000,0.000000
0.741815,-5.062446,0.000000,0.000000,0.000000,1.000000,0.000000
-3.829561,0.437794,1.000000,0.000000,0.000000,0.000000,0.000000
-5.581073,-3.155098,0.000000,0.000000,1.000000,0.000000,0.000000
-4.428392,-0.103430,0.000000,0.000000,1.000000,0.000000,0.000000
-5.026895,-0.277041,1.000000,0.000000,0.000000,0.000000,0.000000
-4.607125,-1.172591,0.000000,0.000000,1.000000,0.000000,0.000000
1.183571,-6.132048,0.000000,0.000000,0.000000,1.000000,0.000000
-2.465960,1.485298,1.000000,0.000000,0.000000,0.000000,0.000000
-6.306648,3.571855,0.000000,0.000000,0.000000,0.000000,1.000000
-5.275793,0.301237,1.000000,0.000000,0.000000,0.000000,0.000000
1.081716,-5.267071,0.000000,0.000000,0.000000,1.000000,0.000000
1.711666,-4.576332,0.000000,0.000000,0.000000,1.000000,0.000000
-1.748135,-0.997956,1.000000,0.000000,0.000000,0.000000,0.000000
-4.349204,3.314359,0.000000,0.000000,0.000000,0.000000,1.000000
4.210568,1.490248,0.000000,1.000000,0.000000,0.000000,0.000000
0.431480,-4.775102,0.000000,0.000000,0.000000,1.000000,0.000000
-5.586800,1.003833,1.000000,0.000000,0.000000,0.000000,0.000000
4.274519,0.402562,0.000000,1.000000,0.000000,0.000000,0.000000
1.214883,-4.241440,0.000000,0.000000,0.000000,1.000000,0.000000
-5.614698,3.433182,0.000000,0.000000,0.000000,0.000000,1.000000
7.436860,1.884182,0.000000,1.000000,0.000000,0.000000,0.000000
7.671203,-1.969336,0.000000,1.000000,0.000000,0.000000,0.000000
-3.707885,-1.294271,0.000000,0.000000,1.000000,0.000000,0.000000
-3.018813,3.618561,0.000000,0.000000,0.000000,0.000000,1.000000
4.180457,0.290115,0.000000,1.000000,0.000000,0.000000,0.000000
-3.500598,3.984340,0.000000,0.000000,0.000000,0.000000,1.000000
-4.767932,4.036896,0.000000,0.000000,0.000000,0.000000,1.000000
-2.027556,-1.392251,0.000000,0.000000,1.000000,0.000000,0.000000
0.001264,-5.605922,0.000000,0.000000,0.000000,1.000000,0.000000
-3.653823,3.413646,0.000000,0.000000,0.000000,0.000000,1.000000
7.199833,1.879230,0.000000,1.000000,0.000000,0.000000,0.000000
-5.943607,1.223408,0.000000,0.000000,0.000000,0.000000,1.000000
-3.658016,0.586652,1.000000,0.000000,0.000000,0.000000,0.000000
-5.980578,4.246115,0.000000,0.000000,0.000000,0.000000,1.000000
-2.680894,1.544673,1.000000,0.000000,0.000000,0.000000,0.000000
-3.683806,-0.387495,1.000000,0.000000,0.000000,0.000000,0.000000
5.665048,4.373327,0.000000,1.000000,0.000000,0.000000,0.000000
3.065018,-5.082389,0.000000,0.000000,0.000000,1.000000,0.000000
2.292867,-4.855562,0.000000,0.000000,0.000000,1.000000,0.000000
-4.332613,0.916967,1.000000,0.000000,0.000000,0.000000,0.000000
-3.666053,4.556516,0.000000,0.000000,0.000000,0.000000,1.000000
-5.645890,1.640619,0.000000,0.000000,0.000000,0.000000,1.000000
2.594609,-5.600455,0.000000,0.000000,0.000000,1.000000,0.000000
2.776410,2.878853,0.000000,1.000000,0.000000,0.000000,0.000000
-6.650993,5.081609,0.000000,0.000000,0.000000,0.000000,1.000000
-5.525899,4.026151,0.000000,0.000000,0.000000,0.000000,1.000000
-3.228489,-0.383584,1.000000,0.000000,0.000000,0.000000,0.000000
1.040178,-5.127002,0.000000,0.000000,0.000000,1.000000,0.000000
3.658542,2.560745,0.000000,1.000000,0.000000,0.000000,0.000000
1.159218,1.596551,0.000000,1.000000,0.000000,0.000000,0.000000
-0.850742,-1.956385,0.000000,0.000000,1.000000,0.000000,0.000000
-2.705968,-0.692817,1.000000,0.000000,0.000000,0.000000,0.000000
-4.274035,4.050597,0.000000,0.000000,0.000000,0.000000,1.000000
-5.377077,5.164696,0.000000,0.000000,0.000000,0.000000,1.000000
0.401681,-5.251609,0.000000,0.000000,0.000000,1.000000,0.000000
1.714299,0.076862,0.000000,0.000000,1.000000,0.000000,0.000000
-4.460057,1.159129,1.000000,0.000000,0.000000,0.000000,0.000000
-4.857209,-2.441958,0.000000,0.000000,1.000000,0.000000,0.000000
-2.189692,3.116676,0.000000,0.000000,0.000000,0.000000,1.000000
0.178036,0.540542,0.000000,1.000000,0.000000,0.000000,0.000000
-4.147546,-0.604765,1.000000,0.000000,0.000000,0.000000,0.000000
-2.741518,-0.089549,1.000000,0.000000,0.000000,0.000000,0.000000
-1.882932,1.242494,1.000000,0.000000,0.000000,0.000000,0.000000
-0.665091,-4.677498,0.000000,0.000000,0.000000,1.000000,0.000000
1.192725,-3.428744,0.000000,0.000000,0.000000,1.000000,0.000000
0.289603,-5.008838,0.000000,0.000000,0.000000,1.000000,0.000000
1.830839,-4.747990,0.000000,0.000000,0.000000,1.000000,0.000000
-10.490434,-2.596757,0.000000,0.000000,1.000000,0.000000,0.000000
1.277629,-4.159666,0.000000,0.000000,0.000000,1.000000,0.000000
1.667947,-5.402356,0.000000,0.000000,0.000000,1.000000,0.000000
-4.730413,2.666243,0.000000,0.000000,0.000000,0.000000,1.000000
7.443579,4.279718,0.000000,1.000000,0.000000,0.000000,0.000000
-3.574870,-1.810857,0.000000,0.000000,1.000000,0.000000,0.000000
-4.875305,2.887524,0.000000,0.000000,0.000000,0.000000,1.000000
-3.564267,1.753799,1.000000,0.000000,0.000000,0.000000,0.000000
-3.825303,1.271433,1.000000,0.000000,0.000000,0.000000,0.000000
-1.722558,-0.006933,1.000000,0.000000,0.000000,0.000000,0.000000
-7.640808,2.710273,0.000000,0.000000,0.000000,0.000000,1.000000
1.827111,1.698728,0.000000,1.000000,0.000000,0.000000,0.000000
-0.969698,-0.953107,0.000000,0.000000,1.000000,0.000000,0.000000
0.696525,-1.655609,0.000000,0.000000,1.000000,0.000000,0.000000
-6.703971,4.673137,0.000000,0.000000,0.000000,0.000000,1.000000
-3.148476,-2.540219,0.000000,0.000000,1.000000,0.000000,0.000000
-5.390159,4.549969,0.000000,0.000000,0.000000,0.000000,1.000000
-1.377695,-0.826571,0.000000,0.000000,1.000000,0.000000,0.000000
-3.463483,1.027014,1.000000,0.000000,0.000000,0.000000,0.000000
-3.726909,5.246313,0.000000,0.000000,0.000000,0.000000,1.000000
5.928538,1.328513,0.000000,1.000000,0.000000,0.000000,0.000000
-8.326565,-2.128872,0.000000,0.000000,1.000000,0.000000,0.000000
6.303589,-1.652928,0.000000,1.000000,0.000000,0.000000,0.000000
-1.532872,-0.279141,0.000000,0.000000,1.000000,0.000000,0.000000
-3.469061,1.747742,1.000000,0.000000,0.000000,0.000000,0.000000
-3.760062,0.790905,1.000000,0.000000,0.000000,0.000000,0.000000
-3.526372,-0.881849,0.000000,0.000000,1.000000,0.000000,0.000000
-6.024313,3.167585,0.000000,0.000000,0.000000,0.000000,1.000000
0.278571,0.156674,0.000000,1.000000,0.000000,0.000000,0.000000
-3.241360,-0.388960,1.000000,0.000000,0.000000,0.000000,0.000000
-3.993608,-1.272229,0.000000,0.000000,1.000000,0.000000,0.000000
-2.208248,-0.201482,1.000000,0.000000,0.000000,0.000000,0.000000
6.238895,1.606037,0.000000,1.000000,0.000000,0.000000,0.000000
-1.086628,-4.793801,0.000000,0.000000,0.000000,1.000000,0.000000
-2.311241,-1.072689,0.000000,0.000000,1.000000,0.000000,0.000000
5.910742,3.683723,0.000000,1.000000,0.000000,0.000000,0.000000
2.103189,3.617260,0.000000,1.000000,0.000000,0.000000,0.000000
1.920142,1.536863,0.000000,1.000000,0.000000,0.000000,0.000000
-5.034833,2.220129,0.000000,0.000000,0.000000,0.000000,1.000000
-7.386933,1.654749,1.000000,0.000000,0.000000,0.000000,0.000000
-1.744509,-1.046538,1.000000,0.000000,0.000000,0.000000,0.000000
-4.610384,-1.635147,0.000000,0.000000,1.000000,0.000000,0.000000
-0.643178,-0.911936,0.000000,0.000000,1.000000,0.000000,0.000000
-1.542201,-1.511280,1.000000,0.000000,0.000000,0.000000,0.000000
-2.611632,-0.309985,1.000000,0.000000,0.000000,0.000000,0.000000
0.654647,1.067013,0.000000,1.000000,0.000000,0.000000,0.000000
-4.006189,-1.424967,0.000000,0.000000,1.000000,0.000000,0.000000
2.421124,-4.559424,0.000000,0.000000,0.000000,1.000000,0.000000
6.784658,2.000613,0.000000,1.000000,0.000000,0.000000,0.000000
-2.986046,0.315169,1.000000,0.000000,0.000000,0.000000,0.000000
-5.075116,3.641143,0.000000,0.000000,0.000000,0.000000,1.000000
0.410104,-3.701340,0.000000,0.000000,0.000000,1.000000,0.000000
-2.896626,-0.862453,0.000000,0.000000,1.000000,0.000000,0.000000
-2.673847,3.415146,0.000000,0.000000,0.000000,0.000000,1.000000
-0.667882,-3.059797,0.000000,0.000000,1.000000,0.000000,0.000000
-1.767754,0.852865,1.000000,0.000000,0.000000,0.000000,0.000000
-3.878661,5.626457,0.000000,0.000000,0.000000,0.000000,1.000000
-2.025476,0.843927,1.000000,0.000000,0.000000,0.000000,0.000000
-6.070456,2.780405,0.000000,0.000000,0.000000,0.000000,1.000000
0.569995,1.148731,0.000000,1.000000,0.000000,0.000000,0.000000
1.560872,-5.747823,0.000000,0.000000,0.000000,1.000000,0.000000
1.663467,-4.355325,0.000000,0.000000,0.000000,1.000000,0.000000
-4.387297,0.984108,0.000000,0.000000,0.000000,0.000000,1.000000
-7.681059,-2.589328,0.000000,0.000000,1.000000,0.000000,0.000000
7.146526,1.745341,0.000000,1.000000,0.000000,0.000000,0.000000
1.614701,-4.765218,0.000000,0.000000,0.000000,1.000000,0.000000
-4.679500,3.966986,1.000000,0.000000,0.000000,0.000000,0.000000
2.230911,-3.700468,0.000000,0.000000,0.000000,1.000000,0.000000
-3.481658,-1.660654,0.000000,0.000000,1.000000,0.000000,0.000000
-5.249004,3.493073,0.000000,0.000000,0.000000,0.000000,1.000000
1.790292,-5.628584,0.000000,0.000000,0.000000,1.000000,0.000000
2.680172,1.410920,0.000000,1.000000,0.000000,0.000000,0.000000
-2.755937,2.410869,1.000000,0.000000,0.000000,0.000000,0.000000
-2.667315,0.222061,1.000000,0.000000,0.000000,0.000000,0.000000
-2.654890,-2.262940,1.000000,0.000000,0.000000,0.000000,0.000000
-2.308002,0.447645,1.000000,0.000000,0.000000,0.000000,0.000000
4.093017,-1.044715,0.000000,1.000000,0.000000,0.000000,0.000000
-0.880733,-5.237642,0.000000,0.000000,0.000000,1.000000,0.000000
-6.050781,2.351149,0.000000,0.000000,0.000000,0.000000,1.000000
-5.367140,3.869713,0.000000,0.000000,0.000000,0.000000,1.000000
6.298512,2.127351,0.000000,1.000000,0.000000,0.000000,0.000000
-5.321439,2.856294,0.000000,0.000000,0.000000,0.000000,1.000000
4.252535,2.068997,0.000000,1.000000,0.000000,0.000000,0.000000
-3.921249,3.392391,0.000000,0.000000,0.000000,0.000000,1.000000
-1.453242,-1.029931,0.000000,0.000000,1.000000,0.000000,0.000000
-0.361147,-0.936597,0.000000,1.000000,0.000000,0.000000,0.000000
-7.906428,-2.561319,0.000000,0.000000,1.000000,0.000000,0.000000
-2.466028,-1.849110,0.000000,0.000000,1.000000,0.000000,0.000000
1.310527,-3.983841,0.000000,0.000000,0.000000,1.000000,0.000000
-1.168620,-4.104729,0.000000,0.000000,0.000000,1.000000,0.000000
-5.976702,3.481364,0.000000,0.000000,0.000000,0.000000,1.000000
-6.219941,4.067087,0.000000,0.000000,0.000000,0.000000,1.000000
-3.860405,-0.791386,0.000000,0.000000,1.000000,0.000000,0.000000
-3.266805,1.156190,1.000000,0.000000,0.000000,0.000000,0.000000
-2.916498,4.678314,0.000000,0.000000,0.000000,0.000000,1.000000
-3.748040,-0.377766,1.000000,0.000000,0.000000,0.000000,0.000000
-1.502075,-6.044353,0.000000,0.000000,0.000000,1.000000,0.000000
-1.522983,-5.067260,0.000000,0.000000,0.000000,1.000000,0.000000
-3.406059,-1.518597,0.000000,0.000000,1.000000,0.000000,0.000000
-4.557437,3.570446,0.000000,0.000000,0.000000,0.000000,1.000000
-6.102409,5.748411,0.000000,0.000000,0.000000,0.000000,1.000000
-3.514995,3.286990,0.000000,0.000000,0.000000,0.000000,1.000000
-4.292860,3.981101,0.000000,0.000000,0.000000,0.000000,1.000000
-4.818974,-0.072188,1.000000,0.000000,0.000000,0.000000,0.000000
-0.961662,-0.274560,1.000000,0.000000,0.000000,0.000000,0.000000
-2.643474,0.911332,1.000000,0.000000,0.000000,0.000000,0.000000
-4.754497,-2.336412,0.000000,0.000000,1.000000,0.000000,0.000000
5.641917,0.016012,0.000000,1.000000,0.000000,0.000000,0.000000
-0.786145,-3.913473,0.000000,0.000000,0.000000,1.000000,0.000000
1.121135,-2.967252,0.000000,0.000000,0.000000,1.000000,0.000000
-1.769100,-0.239545,1.000000,0.000000,0.000000,0.000000,0.000000
1.738958,-3.967616,0.000000,0.000000,0.000000,1.000000,0.000000
2.184859,-3.323604,0.000000,0.000000,0.000000,1.000000,0.000000
4.066084,-3.898974,0.000000,0.000000,0.000000,1.000000,0.000000
-3.052618,-0.660972,1.000000,0.000000,0.000000,0.000000,0.000000
-5.315490,3.496938,0.000000,0.000000,0.000000,0.000000,1.000000
-7.412766,-2.311758,0.000000,0.000000,1.000000,0.000000,0.000000
-3.318737,0.084960,1.000000,0.000000,0.000000,0.000000,0.000000
-3.687753,-0.417619,1.000000,0.000000,0.000000,0.000000,0.000000
6.908898,5.296290,0.000000,1.000000,0.000000,0.000000,0.000000
-4.058266,-0.876127,1.000000,0.000000,0.000000,0.000000,0.000000
1.673207,1.134128,0.000000,1.000000,0.000000,0.000000,0.000000
3.467018,1.001899,0.000000,1.000000,0.000000,0.000000,0.000000
-0.960818,-5.424545,0.000000,0.000000,0.000000,1.000000,0.000000
-1.738853,4.440467,0.000000,0.000000,0.000000,0.000000,1.000000
8.349947,6.845047,0.000000,1.000000,0.000000,0.000000,0.000000
5.035203,3.014206,0.000000,1.000000,0.000000,0.000000,0.000000
2.935591,-4.665101,0.000000,0.000000,0.000000,1.000000,0.000000
-4.667498,-1.894058,0.000000,0.000000,1.000000,0.000000,0.000000
0.880082,-5.506841,0.000000,0.000000,0.000000,1.000000,0.000000
-2.707202,-0.194514,1.000000,0.000000,0.000000,0.000000,0.000000
11.462098,-1.433473,0.000000,1.000000,0.000000,0.000000,0.000000
-1.305927,-1.256716,0.000000,0.000000,1.000000,0.000000,0.000000
-3.814844,0.265433,1.000000,0.000000,0.000000,0.000000,0.000000
-3.891438,-2.337945,0.000000,0.000000,1.000000,0.000000,0.000000
-3.111870,4.016541,0.000000,0.000000,0.000000,0.000000,1.000000
3.176132,-0.330313,0.000000,1.000000,0.000000,0.000000,0.000000
1.704166,0.099224,0.000000,1.000000,0.000000,0.000000,0.000000
-0.431300,-4.087599,0.000000,0.000000,0.000000,1.000000,0.000000
-4.043517,1.520525,1.000000,0.000000,0.000000,0.000000,0.000000
-5.652064,-0.297177,1.000000,0.000000,0.000000,0.000000,0.000000
-5.613285,-0.091087,1.000000,0.000000,0.000000,0.000000,0.000000
2.182923,-0.859012,0.000000,1.000000,0.000000,0.000000,0.000000
3.473700,0.989281,0.000000,1.000000,0.000000,0.000000,0.000000
-5.012956,2.882414,0.000000,0.000000,0.000000,0.000000,1.000000
-4.176396,-2.201599,1.000000,0.000000,0.000000,0.000000,0.000000
6.220682,-1.304939,0.000000,1.000000,0.000000,0.000000,0.000000
0.507752,-0.574651,0.000000,1.000000,0.000000,0.000000,0.000000
-5.981759,-1.788842,0.000000,0.000000,1.000000,0.000000,0.000000
-0.941398,2.164799,0.000000,1.000000,0.000000,0.000000,0.000000
1.949749,1.254995,0.000000,1.000000,0.000000,0.000000,0.000000
3.807659,2.813820,0.000000,1.000000,0.000000,0.000000,0.000000
-0.506383,-4.919885,0.000000,0.000000,0.000000,1.000000,0.000000
-4.478998,1.739405,1.000000,0.000000,0.000000,0.000000,0.000000
-3.816564,-1.398264,1.000000,0.000000,0.000000,0.000000,0.000000
6.253445,4.696647,0.000000,1.000000,0.000000,0.000000,0.000000
-2.785934,-0.090918,1.000000,0.000000,0.000000,0.000000,0.000000
-3.888284,4.305642,0.000000,0.000000,0.000000,0.000000,1.000000
-1.805647,-1.862280,1.000000,0.000000,0.000000,0.000000,0.000000
1.431570,0.202488,0.000000,0.000000,1.000000,0.000000,0.000000
3.434646,-4.831835,0.000000,0.000000,0.000000,1.000000,0.000000
-1.069771,-1.757892,0.000000,0.000000,1.000000,0.000000,0.000000
-0.450260,-4.360392,0.000000,0.000000,0.000000,1.000000,0.000000
-2.271339,-2.771763,1.000000,0.000000,0.000000,0.000000,0.000000
-8.344163,5.326333,0.000000,0.000000,0.000000,0.000000,1.000000
0.588993,-4.139415,0.000000,0.000000,0.000000,1.000000,0.000000
-4.263385,3.465829,0.000000,0.000000,0.000000,0.000000,1.000000
-6.408296,4.374593,0.000000,0.000000,0.000000,0.000000,1.000000
5.408024,-1.092214,0.000000,1.000000,0.000000,0.000000,0.000000
0.545398,-5.920160,0.000000,0.000000,0.000000,1.000000,0.000000
5.856042,-0.228340,0.000000,1.000000,0.000000,0.000000,0.000000
-4.086445,1.588589,1.000000,0.000000,0.000000,0.000000,0.000000
4.165500,3.070380,0.000000,1.000000,0.000000,0.000000,0.000000
-3.545264,-0.041852,1.000000,0.000000,0.000000,0.000000,0.000000
1.386952,-5.866994,0.000000,0.000000,0.000000,1.000000,0.000000
-4.242705,4.733441,0.000000,0.000000,0.000000,0.000000,1.000000
5.006867,1.456016,0.000000,1.000000,0.000000,0.000000,0.000000
-3.397585,-1.094436,0.000000,0.000000,1.000000,0.000000,0.000000
-4.644062,4.259029,0.000000,0.000000,0.000000,0.000000,1.000000
-1.485180,-5.261558,0.000000,0.000000,0.000000,1.000000,0.000000
-6.281723,-2.641389,0.000000,0.000000,1.000000,0.000000,0.000000
4.538281,0.352584,0.000000,1.000000,0.000000,0.000000,0.000000
-3.339512,-0.602391,1.000000,0.000000,0.000000,0.000000,0.000000
1.300304,-4.049117,0.000000,0.000000,0.000000,1.000000,0.000000
-5.861940,2.307957,0.000000,0.000000,0.000000,0.000000,1.000000
-0.358103,-6.241058,0.000000,0.000000,0.000000,1.000000,0.000000
-3.513604,3.742433,0.000000,0.000000,0.000000,0.000000,1.000000
-4.950501,1.488589,1.000000,0.000000,0.000000,0.000000,0.000000
0.646179,-3.192358,0.000000,0.000000,0.000000,1.000000,0.000000
-0.989247,-0.763788,0.000000,0.000000,1.000000,0.000000,0.000000
-5.640859,2.160256,0.000000,0.000000,0.000000,0.000000,1.000000
-3.038817,-0.630141,0.000000,0.000000,1.000000,0.000000,0.000000
-2.504894,-1.119315,0.000000,0.000000,1.000000,0.000000,0.000000
-2.081800,-0.268525,1.000000,0.000000,0.000000,0.000000,0.000000
-7.388987,-2.437932,0.000000,0.000000,1.000000,0.000000,0.000000
-7.628659,-2.612269,0.000000,0.000000,1.000000,0.000000,0.000000
-5.026259,3.261189,0.000000,0.000000,0.000000,0.000000,1.000000
-1.698591,-2.228674,0.000000,0.000000,1.000000,0.000000,0.000000
-5.443511,1.408270,1.000000,0.000000,0.000000,0.000000,0.000000
-2.241406,-1.867941,1.000000,0.000000,0.000000,0.000000,0.000000
-0.168223,2.138566,0.000000,1.000000,0.000000,0.000000,0.000000
8.240121,-2.265977,0.000000,1.000000,0.000000,0.000000,0.000000
-3.717342,-2.395056,0.000000,0.000000,1.000000,0.000000,0.000000
-6.269785,4.691657,0.000000,0.000000,0.000000,0.000000,1.000000
0.438765,-5.555575,0.000000,0.000000,0.000000,1.000000,0.000000
-0.309154,-0.925223,0.000000,0.000000,1.000000,0.000000,0.000000
-6.116025,3.401749,0.000000,0.000000,0.000000,0.000000,1.000000
-3.677634,2.990655,0.000000,0.000000,0.000000,0.000000,1.000000
3.022496,0.173122,0.000000,1.000000,0.000000,0.000000,0.000000
7.008815,2.495966,0.000000,1.000000,0.000000,0.000000,0.000000
-3.396097,4.089320,0.000000,0.000000,0.000000,0.000000,1.000000
0.927799,-2.942319,0.000000,0.000000,0.000000,1.000000,0.000000
-5.918112,-1.627549,1.000000,0.000000,0.000000,0.000000,0.000000
1.603152,-3.451270,0.000000,0.000000,0.000000,1.000000,0.000000
-2.259546,0.244595,1.000000,0.000000,0.000000,0.000000,0.000000
6.161278,1.567489,0.000000,1.000000,0.000000,0.000000,0.000000
4.630949,6.236914,0.000000,1.000000,0.000000,0.000000,0.000000
-2.297491,-0.972212,1.000000,0.000000,0.000000,0.000000,0.000000
-4.405343,0.134263,1.000000,0.000000,0.000000,0.000000,0.000000
-1.847343,-0.830246,0.000000,0.000000,1.000000,0.000000,0.000000
-5.722467,-1.406898,1.000000,0.000000,0.000000,0.000000,0.000000
-4.332016,3.638451,0.000000,0.000000,0.000000,0.000000,1.000000
2.864560,-4.261489,0.000000,0.000000,0.000000,1.000000,0.000000
8.069674,4.517434,0.000000,1.000000,0.000000,0.000000,0.000000
-5.847630,2.688390,0.000000,0.000000,0.000000,0.000000,1.000000
-5.812626,4.658093,0.000000,0.000000,0.000000,0.000000,1.000000
-5.240563,-1.516863,0.000000,0.000000,1.000000,0.000000,0.000000
3.310360,1.333568,0.000000,1.000000,0.000000,0.000000,0.000000
-4.240717,-1.392702,1.000000,0.000000,0.000000,0.000000,0.000000
3.378288,-4.306438,0.000000,1.000000,0.000000,0.000000,0.000000
0.479103,-4.436724,0.000000,0.000000,0.000000,1.000000,0.000000
4.546395,3.721691,0.000000,1.000000,0.000000,0.000000,0.000000
4.407571,1.836403,0.000000,1.000000,0.000000,0.000000,0.000000
2.419016,-4.124069,0.000000,0.000000,0.000000,1.000000,0.000000
-3.489186,4.188803,0.000000,0.000000,0.000000,0.000000,1.000000
-0.282355,-4.876833,0.000000,0.000000,0.000000,1.000000,0.000000
-5.759013,3.249125,0.000000,0.000000,0.000000,0.000000,1.000000
4.526734,1.580307,0.000000,1.000000,0.000000,0.000000,0.000000
1.634878,-3.616268,0.000000,0.000000,0.000000,1.000000,0.000000
-4.924223,0.192671,1.000000,0.000000,0.000000,0.000000,0.000000
-5.008338,-2.641587,0.000000,0.000000,1.000000,0.000000,0.000000
-1.908724,0.179721,0.000000,0.000000,1.000000,0.000000,0.000000
-0.759973,-0.859023,0.000000,0.000000,1.000000,0.000000,0.000000
0.774343,-4.043061,0.000000,0.000000,0.000000,1.000000,0.000000
-5.465402,4.519305,0.000000,0.000000,0.000000,0.000000,1.000000
-0.623314,-1.594638,0.000000,0.000000,1.000000,0.000000,0.000000
5.508240,2.675270,0.000000,1.000000,0.000000,0.000000,0.000000
-5.329579,-0.531361,1.000000,0.000000,0.000000,0.000000,0.000000
-1.202412,-5.923142,0.000000,0.000000,0.000000,1.000000,0.000000
-0.195918,-5.133393,0.000000,0.000000,0.000000,1.000000,0.000000
-2.247510,-0.270265,1.000000,0.000000,0.000000,0.000000,0.000000
0.336807,-5.397362,0.000000,0.000000,0.000000,1.000000,0.000000
-6.001297,-1.829436,0.000000,0.000000,1.000000,0.000000,0.000000
-4.077959,5.273771,0.000000,0.000000,0.000000,0.000000,1.000000
0.135766,-4.924400,0.000000,0.000000,0.000000,1.000000,0.000000
-9.296628,-2.500075,0.000000,0.000000,1.000000,0.000000,0.000000
2.924002,2.585073,0.000000,1.000000,0.000000,0.000000,0.000000
-0.360041,-2.805162,0.000000,0.000000,1.000000,0.000000,0.000000
3.877312,-1.707516,0.000000,1.000000,0.000000,0.000000,0.000000
-2.388333,-1.429228,0.000000,0.000000,1.000000,0.000000,0.000000
-8.717706,-3.312931,0.000000,0.000000,1.000000,0.000000,0.000000
-6.090567,5.400638,0.000000,0.000000,0.000000,0.000000,1.000000
6.025385,1.645948,0.000000,1.000000,0.000000,0.000000,0.000000
-6.559756,-2.105847,0.000000,0.000000,1.000000,0.000000,0.000000
-4.776032,-0.034836,1.000000,0.000000,0.000000,0.000000,0.000000
-4.288719,2.800142,0.000000,0.000000,0.000000,0.000000,1.000000
3.696005,-2.372168,0.000000,1.000000,0.000000,0.000000,0.000000
-1.978857,4.614604,0.000000,0.000000,0.000000,0.000000,1.000000
-4.609744,1.227946,1.000000,0.000000,0.000000,0.000000,0.000000
2.871695,-4.005342,0.000000,0.000000,0.000000,1.000000,0.000000
-3.302074,1.857933,1.000000,0.000000,0.000000,0.000000,0.000000
-1.265787,-1.984177,0.000000,0.000000,1.000000,0.000000,0.000000
0.836070,-3.492035,0.000000,0.000000,0.000000,1.000000,0.000000
-3.437762,-2.142478,0.000000,0.000000,1.000000,0.000000,0.000000
-3.253822,-1.098614,0.000000,0.000000,1.000000,0.000000,0.000000
-0.633563,0.053181,0.000000,0.000000,1.000000,0.000000,0.000000
-1.462973,-2.092876,0.000000,0.000000,1.000000,0.000000,0.000000
-3.798196,3.125945,0.000000,0.000000,0.000000,0.000000,1.000000
1.989523,2.162758,0.000000,1.000000,0.000000,0.000000,0.000000
-6.193858,5.441913,0.000000,0.000000,0.000000,0.000000,1.000000
-1.673988,-0.508183,0.000000,0.000000,1.000000,0.000000,0.000000
-5.552576,3.095132,1.000000,0.000000,0.000000,0.000000,0.000000
-2.047239,-1.581211,0.000000,0.000000,1.000000,0.000000,0.000000
3.035855,1.303597,0.000000,1.000000,0.000000,0.000000,0.000000
-3.696581,0.598103,1.000000,0.000000,0.000000,0.000000,0.000000
-4.778054,-2.944654,0.000000,0.000000,1.000000,0.000000,0.000000
-3.848329,2.013897,1.000000,0.000000,0.000000,0.000000,0.000000
-6.774041,4.543283,0.000000,0.000000,0.000000,0.000000,1.000000
0.484516,-4.265871,0.000000,0.000000,0.000000,1.000000,0.000000
-2.173717,0.382306,1.000000,0.000000,0.000000,0.000000,0.000000
-2.431934,-1.453580,0.000000,0.000000,1.000000,0.000000,0.000000
-1.379703,-5.870837,0.000000,0.000000,0.000000,1.000000,0.000000
-2.630327,-1.207310,1.000000,0.000000,0.000000,0.000000,0.000000
2.590071,-3.354717,0.000000,0.000000,0.000000,1.000000,0.000000
-2.406181,-0.990067,1.000000,0.000000,0.000000,0.000000,0.000000
-1.373894,-1.077482,0.000000,0.000000,1.000000,0.000000,0.000000
3.782899,2.401356,0.000000,1.000000,0.000000,0.000000,0.000000
-7.780428,-1.875464,0.000000,0.000000,1.000000,0.000000,0.000000
-3.913702,-0.451398,1.000000,0.000000,0.000000,0.000000,0.000000
1.135935,-3.374072,0.000000,0.000000,0.000000,1.000000,0.000000
-0.447305,1.622641,0.000000,1.000000,0.000000,0.000000,0.000000
3.238055,3.448052,0.000000,1.000000,0.000000,0.000000,0.000000
-5.688919,3.849346,0.000000,0.000000,0.000000,0.000000,1.000000
0.588241,-5.007448,0.000000,0.000000,0.000000,1.000000,0.000000
-2.569924,-1.341690,0.000000,0.000000,1.000000,0.000000,0.000000
6.883059,-1.533143,0.000000,1.000000,0.000000,0.000000,0.000000
-0.004301,-1.702343,0.000000,0.000000,1.000000,0.000000,0.000000
-3.778281,3.615111,0.000000,0.000000,0.000000,0.000000,1.000000
5.102865,-0.444203,0.000000,1.000000,0.000000,0.000000,0.000000
-0.944139,-6.090098,0.000000,0.000000,0.000000,1.000000,0.000000
-2.853079,1.597314,1.000000,0.000000,0.000000,0.000000,0.000000
2.037819,-3.079598,0.000000,0.000000,0.000000,1.000000,0.000000
-4.450600,2.017994,0.000000,0.000000,0.000000,0.000000,1.000000
1.578265,-3.933367,0.000000,0.000000,0.000000,1.000000,0.000000
-1.043648,-1.225338,0.000000,0.000000,1.000000,0.000000,0.000000
-1.525846,-5.104381,0.000000,0.000000,0.000000,1.000000,0.000000
-2.527741,3.920021,1.000000,0.000000,0.000000,0.000000,0.000000
8.576058,3.343444,0.000000,1.000000,0.000000,0.000000,0.000000
1.589723,-3.314593,0.000000,0.000000,0.000000,1.000000,0.000000
2.005986,2.120621,0.000000,1.000000,0.000000,0.000000,0.000000
-3.444000,-2.022307,0.000000,0.000000,1.000000,0.000000,0.000000
-1.978361,-1.031735,0.000000,0.000000,1.000000,0.000000,0.000000
-3.188598,-0.917068,1.000000,0.000000,0.000000,0.000000,0.000000
-7.166935,3.080750,0.000000,0.000000,0.000000,0.000000,1.000000
-0.167184,0.062433,0.000000,0.000000,1.000000,0.000000,0.000000
-2.915609,-1.169626,0.000000,0.000000,1.000000,0.000000,0.000000
1.154135,-0.771020,0.000000,1.000000,0.000000,0.000000,0.000000
-5.076495,5.098401,0.000000,0.000000,0.000000,0.000000,1.000000
1.833079,-4.577493,0.000000,0.000000,0.000000,1.000000,0.000000
3.213264,-0.305695,0.000000,1.000000,0.000000,0.000000,0.000000
-4.247613,3.258520,0.000000,0.000000,0.000000,0.000000,1.000000
4.653076,0.343292,0.000000,1.000000,0.000000,0.000000,0.000000
-6.953198,2.522723,0.000000,0.000000,0.000000,0.000000,1.000000
0.667963,-5.391050,0.000000,0.000000,0.000000,1.000000,0.000000
6.533731,-1.820973,0.000000,1.000000,0.000000,0.000000,0.000000
7.519041,-0.609643,0.000000,1.000000,0.000000,0.000000,0.000000
-5.296738,2.961754,0.000000,0.000000,0.000000,0.000000,1.000000
-7.100601,2.362894,0.000000,0.000000,0.000000,0.000000,1.000000
1.690635,-6.039319,0.000000,0.000000,0.000000,1.000000,0.000000
2.580339,0.968529,0.000000,1.000000,0.000000,0.000000,0.000000
-1.841062,-1.586754,0.000000,0.000000,1.000000,0.000000,0.000000
-5.898506,2.471780,0.000000,0.000000,0.000000,0.000000,1.000000
-3.523212,-2.310718,0.000000,0.000000,1.000000,0.000000,0.000000
-2.746638,1.319855,1.000000,0.000000,0.000000,0.000000,0.000000
2.793404,-2.565379,0.000000,1.000000,0.000000,0.000000,0.000000
2.140402,-5.003093,0.000000,0.000000,0.000000,1.000000,0.000000
5.975174,4.069878,0.000000,1.000000,0.000000,0.000000,0.000000
2.779017,5.153671,0.000000,1.000000,0.000000,0.000000,0.000000
-4.831193,4.047800,0.000000,0.000000,0.000000,0.000000,1.000000
-3.741897,-1.255813,0.000000,0.000000,1.000000,0.000000,0.000000
-1.592600,2.625975,1.000000,0.000000,0.000000,0.000000,0.000000
-1.423057,0.703217,1.000000,0.000000,0.000000,0.000000,0.000000
2.345559,0.227969,0.000000,1.000000,0.000000,0.000000,0.000000
2.978775,-6.266213,0.000000,0.000000,0.000000,1.000000,0.000000
-4.176163,0.343987,1.000000,0.000000,0.000000,0.000000,0.000000
6.382571,4.591781,0.000000,1.000000,0.000000,0.000000,0.000000
1.335184,-3.779094,0.000000,0.000000,0.000000,1.000000,0.000000
-4.911348,5.274685,0.000000,0.000000,0.000000,0.000000,1.000000
5.099749,1.845699,0.000000,1.000000,0.000000,0.000000,0.000000
-8.822895,-2.570141,0.000000,0.000000,1.000000,0.000000,0.000000
-5.854654,5.285719,0.000000,0.000000,0.000000,0.000000,1.000000
-3.846437,3.441686,0.000000,0.000000,0.000000,0.000000,1.000000
2.400221,1.956734,0.000000,1.000000,0.000000,0.000000,0.000000
-4.101923,3.466657,0.000000,0.000000,0.000000,0.000000,1.000000
-5.594392,-0.893304,0.000000,0.000000,1.000000,0.000000,0.000000
1.812671,2.080399,0.000000,1.000000,0.000000,0.000000,0.000000
1.599356,-3.043688,0.000000,0.000000,0.000000,1.000000,0.000000
0.954918,-0.984079,0.000000,0.000000,1.000000,0.000000,0.000000
-4.525465,4.848876,0.000000,0.000000,0.000000,0.000000,1.000000
-3.943413,-0.311289,1.000000,0.000000,0.000000,0.000000,0.000000
-6.581196,2.488697,0.000000,0.000000,0.000000,0.000000,1.000000
2.211632,0.683427,0.000000,1.000000,0.000000,0.000000,0.000000
8.179038,2.361057,0.000000,1.000000,0.000000,0.000000,0.000000
2.356079,-3.342295,0.000000,0.000000,0.000000,1.000000,0.000000
-5.771274,2.891293,0.000000,0.000000,0.000000,0.000000,1.000000
-2.650118,0.484340,1.000000,0.000000,0.000000,0.000000,0.000000
-4.251844,0.431518,1.000000,0.000000,0.000000,0.000000,0.000000
8.762718,-2.659522,0.000000,1.000000,0.000000,0.000000,0.000000
8.246697,-0.498525,0.000000,1.000000,0.000000,0.000000,0.000000
5.273225,3.762655,0.000000,1.000000,0.000000,0.000000,0.000000
-2.594392,-1.212077,0.000000,0.000000,1.000000,0.000000,0.000000
-1.917336,-2.877535,1.000000,0.000000,0.000000,0.000000,0.000000
2.662848,2.015835,0.000000,1.000000,0.000000,0.000000,0.000000
-4.139436,-2.025081,0.000000,0.000000,1.000000,0.000000,0.000000
-5.650955,-1.781550,0.000000,0.000000,1.000000,0.000000,0.000000
-3.003056,-0.307073,1.000000,0.000000,0.000000,0.000000,0.000000
8.420006,-1.273050,0.000000,1.000000,0.000000,0.000000,0.000000
2.224082,-3.372688,0.000000,0.000000,0.000000,1.000000,0.000000
7.873782,-2.028477,0.000000,1.000000,0.000000,0.000000,0.000000
-3.935913,1.393035,1.000000,0.000000,0.000000,0.000000,0.000000
-5.863461,3.449419,0.000000,0.000000,0.000000,0.000000,1.000000
-2.043489,-5.563990,0.000000,0.000000,0.000000,1.000000,0.000000
2.510835,-5.045695,0.000000,0.000000,0.000000,1.000000,0.000000
5.011340,5.504533,0.000000,1.000000,0.000000,0.000000,0.000000
-2.419130,-0.001907,1.000000,0.000000,0.000000,0.000000,0.000000
1.444629,-3.214957,0.000000,0.000000,0.000000,1.000000,0.000000
5.113256,2.890369,0.000000,1.000000,0.000000,0.000000,0.000000
-0.733113,-0.733881,0.000000,0.000000,1.000000,0.000000,0.000000
-2.314950,3.910996,0.000000,0.000000,0.000000,0.000000,1.000000
-2.174315,-1.486686,1.000000,0.000000,0.000000,0.000000,0.000000
3.004502,0.735076,0.000000,1.000000,0.000000,0.000000,0.000000
0.819485,-4.536700,0.000000,0.000000,0.000000,1.000000,0.000000
-5.999542,3.551213,0.000000,0.000000,0.000000,0.000000,1.000000
-2.793917,0.871113,1.000000,0.000000,0.000000,0.000000,0.000000
-7.666288,2.875939,0.000000,0.000000,0.000000,0.000000,1.000000
0.841705,-3.416653,0.000000,0.000000,0.000000,1.000000,0.000000
5.744981,3.388500,0.000000,1.000000,0.000000,0.000000,0.000000
-5.321332,2.327443,0.000000,0.000000,0.000000,0.000000,1.000000
2.704884,-3.788552,0.000000,0.000000,0.000000,1.000000,0.000000
-4.983545,3.265075,0.000000,0.000000,0.000000,0.000000,1.000000
-4.927301,-0.265501,1.000000,0.000000,0.000000,0.000000,0.000000
-3.228593,-0.517386,0.000000,0.000000,1.000000,0.000000,0.000000
-0.443184,-4.385045,0.000000,0.000000,0.000000,1.000000,0.000000
1.034234,-3.601859,0.000000,0.000000,0.000000,1.000000,0.000000
-2.600939,0.089651,1.000000,0.000000,0.000000,0.000000,0.000000
1.375115,-5.723756,0.000000,0.000000,0.000000,1.000000,0.000000
5.855167,2.906457,0.000000,1.000000,0.000000,0.000000,0.000000
4.662123,0.426316,0.000000,1.000000,0.000000,0.000000,0.000000
-6.626738,4.345281,0.000000,0.000000,0.000000,0.000000,1.000000
1.380214,-4.964100,0.000000,0.000000,0.000000,1.000000,0.000000
5.451120,0.771242,0.000000,1.000000,0.000000,0.000000,0.000000
2.044136,-3.371287,0.000000,0.000000,0.000000,1.000000,0.000000
0.529824,-5.176498,0.000000,0.000000,0.000000,1.000000,0.000000
-5.746583,3.607887,0.000000,0.000000,0.000000,0.000000,1.000000
-1.759998,-5.377021,0.000000,0.000000,0.000000,1.000000,0.000000
-2.913158,-2.346907,1.000000,0.000000,0.000000,0.000000,0.000000
1.135613,-3.879667,0.000000,0.000000,0.000000,1.000000,0.000000
-4.424464,1.510161,1.000000,0.000000,0.000000,0.000000,0.000000
1.871438,-5.187458,0.000000,0.000000,0.000000,1.000000,0.000000
-0.813487,-5.609510,0.000000,0.000000,0.000000,1.000000,0.000000
5.278829,2.352789,0.000000,1.000000,0.000000,0.000000,0.000000
-0.890725,-5.758923,0.000000,0.000000,0.000000,1.000000,0.000000
-1.280877,-2.261649,0.000000,0.000000,1.000000,0.000000,0.000000
1.611699,-1.041657,0.000000,0.000000,1.000000,0.000000,0.000000
2.235284,0.012914,0.000000,1.000000,0.000000,0.000000,0.000000
-3.239271,1.946977,0.000000,0.000000,0.000000,0.000000,1.000000
-7.502578,2.547838,0.000000,0.000000,0.000000,0.000000,1.000000
-4.329833,4.524883,0.000000,0.000000,0.000000,0.000000,1.000000
-0.902688,-2.008682,0.000000,0.000000,1.000000,0.000000,0.000000
-3.786239,-2.818161,0.000000,0.000000,1.000000,0.000000,0.000000
-1.530614,1.207282,1.000000,0.000000,0.000000,0.000000,0.000000
1.267468,-4.444346,0.000000,0.000000,0.000000,1.000000,0.000000
-1.302056,0.078211,1.000000,0.000000,0.000000,0.000000,0.000000
-1.613405,-6.768784,0.000000,0.000000,0.000000,1.000000,0.000000
4.806200,1.148026,0.000000,1.000000,0.000000,0.000000,0.000000
-3.869119,3.096131,0.000000,0.000000,0.000000,0.000000,1.000000
6.877820,2.756052,0.000000,1.000000,0.000000,0.000000,0.000000
-3.476745,3.433861,0.000000,0.000000,0.000000,0.000000,1.000000
4.577724,3.538991,0.000000,1.000000,0.000000,0.000000,0.000000
-4.565480,4.827957,0.000000,0.000000,0.000000,0.000000,1.000000
1.650142,-4.778050,0.000000,0.000000,0.000000,1.000000,0.000000
3.678836,-2.228690,0.000000,0.000000,0.000000,1.000000,0.000000
1.882470,-3.917746,0.000000,0.000000,0.000000,1.000000,0.000000
3.149734,1.719149,0.000000,1.000000,0.000000,0.000000,0.000000
-4.937458,-1.472147,0.000000,0.000000,1.000000,0.000000,0.000000
-4.543451,-0.611231,1.000000,0.000000,0.000000,0.000000,0.000000
-4.802909,-0.359748,1.000000,0.000000,0.000000,0.000000,0.000000
3.665037,-3.852545,0.000000,0.000000,0.000000,1.000000,0.000000
-3.857831,-0.868381,0.000000,0.000000,1.000000,0.000000,0.000000
1.704084,-0.888465,0.000000,0.000000,1.000000,0.000000,0.000000
2.746711,4.463592,0.000000,1.000000,0.000000,0.000000,0.000000
5.822491,0.506127,0.000000,1.000000,0.000000,0.000000,0.000000
-2.707280,-0.969639,0.000000,0.000000,1.000000,0.000000,0.000000
6.448959,-1.869561,0.000000,1.000000,0.000000,0.000000,0.000000
-6.710107,3.401797,0.000000,0.000000,0.000000,0.000000,1.000000
-2.061250,5.720674,0.000000,0.000000,0.000000,0.000000,1.000000
0.999146,-5.569004,0.000000,0.000000,0.000000,1.000000,0.000000
-2.084384,2.042845,1.000000,0.000000,0.000000,0.000000,0.000000
7.096573,-0.482004,0.000000,1.000000,0.000000,0.000000,0.000000
7.283754,3.573756,0.000000,1.000000,0.000000,0.000000,0.000000
-2.155271,-5.644272,0.000000,0.000000,0.000000,1.000000,0.000000
-5.087250,2.616109,0.000000,0.000000,0.000000,0.000000,1.000000
-4.743362,7.196889,0.000000,0.000000,0.000000,0.000000,1.000000
-1.720540,-1.066771,0.000000,0.000000,1.000000,0.000000,0.000000
-4.605164,2.712824,1.000000,0.000000,0.000000,0.000000,0.000000
-3.219046,3.311312,1.000000,0.000000,0.000000,0.000000,0.000000
2.295915,-4.367748,0.000000,0.000000,0.000000,1.000000,0.000000
-3.274669,-0.707664,0.000000,0.000000,1.000000,0.000000,0.000000
-3.075830,-0.747151,1.000000,0.000000,0.000000,0.000000,0.000000
-2.903195,1.827906,1.000000,0.000000,0.000000,0.000000,0.000000
-4.348142,-2.913887,0.000000,0.000000,1.000000,0.000000,0.000000
-6.708088,2.928765,0.000000,0.000000,0.000000,0.000000,1.000000
-1.845401,-2.013178,1.000000,0.000000,0.000000,0.000000,0.000000
0.375274,-4.091643,0.000000,0.000000,0.000000,1.000000,0.000000
-4.138424,2.974944,0.000000,0.000000,0.000000,0.000000,1.000000
-4.102181,5.001434,0.000000,0.000000,0.000000,0.000000,1.000000
-3.005682,1.328553,1.000000,0.000000,0.000000,0.000000,0.000000
-3.224154,-0.369241,0.000000,0.000000,1.000000,0.000000,0.000000
-2.321198,-0.891967,0.000000,0.000000,1.000000,0.000000,0.000000
3.329660,1.955700,0.000000,1.000000,0.000000,0.000000,0.000000
-6.105218,2.143585,1.000000,0.000000,0.000000,0.000000,0.000000
-5.497827,0.422088,1.000000,0.000000,0.000000,0.000000,0.000000
-3.758468,5.396552,0.000000,0.000000,0.000000,0.000000,1.000000
0.643604,-5.114436,0.000000,0.000000,0.000000,1.000000,0.000000
-2.888528,1.434461,1.000000,0.000000,0.000000,0.000000,0.000000
-4.315495,3.577411,0.000000,0.000000,0.000000,0.000000,1.000000
-2.705879,3.461778,0.000000,0.000000,0.000000,0.000000,1.000000
1.798350,-1.174877,0.000000,1.000000,0.000000,0.000000,0.000000
4.490188,-5.222615,0.000000,0.000000,0.000000,1.000000,0.000000
4.199777,-2.693745,0.000000,1.000000,0.000000,0.000000,0.000000
-5.203880,4.075643,0.000000,0.000000,0.000000,0.000000,1.000000
0.352376,-5.653073,0.000000,0.000000,0.000000,1.000000,0.000000
-1.015452,-2.481602,0.000000,0.000000,1.000000,0.000000,0.000000
1.330640,-1.787623,0.000000,0.000000,1.000000,0.000000,0.000000
2.181853,-4.135228,0.000000,0.000000,0.000000,1.000000,0.000000
-6.547030,2.172191,0.000000,0.000000,0.000000,0.000000,1.000000
4.275420,1.247748,0.000000,1.000000,0.000000,0.000000,0.000000
2.500642,-2.800020,0.000000,0.000000,0.000000,1.000000,0.000000
-3.306832,4.381581,0.000000,0.000000,0.000000,0.000000,1.000000
-5.786635,4.166615,0.000000,0.000000,0.000000,0.000000,1.000000
2.039529,-4.178594,0.000000,0.000000,0.000000,1.000000,0.000000
0.859101,-4.044237,0.000000,0.000000,0.000000,1.000000,0.000000
-2.539053,-2.105389,0.000000,0.000000,1.000000,0.000000,0.000000
1.943528,-3.971192,0.000000,0.000000,0.000000,1.000000,0.000000
7.393818,1.270734,0.000000,1.000000,0.000000,0.000000,0.000000
-5.639785,3.736039,0.000000,0.000000,0.000000,0.000000,1.000000
2.212216,-5.158363,0.000000,0.000000,0.000000,1.000000,0.000000
-6.770293,-2.612220,0.000000,0.000000,1.000000,0.000000,0.000000
0.291221,-4.341243,0.000000,0.000000,0.000000,1.000000,0.000000
-0.564129,-3.864899,0.000000,0.000000,0.000000,1.000000,0.000000
-0.140918,-4.140191,0.000000,0.000000,0.000000,1.000000,0.000000
-2.435591,-5.783177,0.000000,0.000000,0.000000,1.000000,0.000000
7.842055,-0.316757,0.000000,1.000000,0.000000,0.000000,0.000000
-5.207886,0.964043,1.000000,0.000000,0.000000,0.000000,0.000000
-4.357403,-1.328796,0.000000,0.000000,1.000000,0.000000,0.000000
-2.311882,-0.196456,0.000000,0.000000,1.000000,0.000000,0.000000
-0.062154,-4.785912,0.000000,0.000000,0.000000,1.000000,0.000000
-2.473536,-2.595579,0.000000,0.000000,1.000000,0.000000,0.000000
-6.458509,0.258443,1.000000,0.000000,0.000000,0.000000,0.000000
-2.402452,-0.589938,0.000000,0.000000,1.000000,0.000000,0.000000
-0.600746,-0.767751,0.000000,0.000000,1.000000,0.000000,0.000000
-2.785952,-0.956497,1.000000,0.000000,0.000000,0.000000,0.000000
-6.363122,3.307042,0.000000,0.000000,0.000000,0.000000,1.000000
-6.117791,2.213471,0.000000,0.000000,0.000000,0.000000,1.000000
2.140553,-4.295247,0.000000,0.000000,0.000000,1.000000,0.000000
8.664985,0.492189,0.000000,1.000000,0.000000,0.000000,0.000000
3.623718,1.066652,0.000000,1.000000,0.000000,0.000000,0.000000
-4.619593,1.190638,1.000000,0.000000,0.000000,0.000000,0.000000
1.862151,-3.678499,0.000000,0.000000,0.000000,1.000000,0.000000
-3.819733,-0.634323,1.000000,0.000000,0.000000,0.000000,0.000000
0.632519,-3.798305,0.000000,0.000000,0.000000,1.000000,0.000000
-2.628473,-0.034914,1.000000,0.000000,0.000000,0.000000,0.000000
2.584542,1.305406,0.000000,1.000000,0.000000,0.000000,0.000000
-3.632476,4.304959,0.000000,0.000000,0.000000,0.000000,1.000000
8.007889,2.566014,0.000000,1.000000,0.000000,0.000000,0.000000
-4.804633,1.169358,1.000000,0.000000,0.000000,0.000000,0.000000
-4.942612,2.786803,0.000000,0.000000,0.000000,0.000000,1.000000
-3.637693,1.230432,1.000000,0.000000,0.000000,0.000000,0.000000
-3.262011,-1.957779,1.000000,0.000000,0.000000,0.000000,0.000000
-5.627935,-1.338309,0.000000,0.000000,1.000000,0.000000,0.000000
-1.238612,-4.707767,0.000000,0.000000,0.000000,1.000000,0.000000
1.543910,-5.092004,0.000000,0.000000,0.000000,1.000000,0.000000
-4.776799,2.405082,1.000000,0.000000,0.000000,0.000000,0.000000
-0.561580,-3.533819,0.000000,0.000000,0.000000,1.000000,0.000000
-7.252325,2.430647,0.000000,0.000000,0.000000,0.000000,1.000000
6.934370,4.458274,0.000000,1.000000,0.000000,0.000000,0.000000
2.546676,-3.063325,0.000000,0.000000,0.000000,1.000000,0.000000
1.492128,-2.691636,0.000000,0.000000,0.000000,1.000000,0.000000
-4.739001,0.590899,1.000000,0.000000,0.000000,0.000000,0.000000
6.738927,0.174095,0.000000,1.000000,0.000000,0.000000,0.000000
-1.164478,-4.038665,0.000000,0.000000,0.000000,1.000000,0.000000
0.585867,3.998605,0.000000,1.000000,0.000000,0.000000,0.000000
0.190645,-1.141255,0.000000,0.000000,1.000000,0.000000,0.000000
-9.746169,-2.317031,0.000000,0.000000,1.000000,0.000000,0.000000
-2.168435,-2.869088,1.000000,0.000000,0.000000,0.000000,0.000000
2.943014,-0.292030,0.000000,0.000000,1.000000,0.000000,0.000000
-2.821071,1.828141,1.000000,0.000000,0.000000,0.000000,0.000000
-2.524554,-5.633124,0.000000,0.000000,0.000000,1.000000,0.000000
-1.648255,-0.187051,1.000000,0.000000,0.000000,0.000000,0.000000
-0.889324,-4.784128,0.000000,0.000000,0.000000,1.000000,0.000000
-0.292642,-5.422540,0.000000,0.000000,0.000000,1.000000,0.000000
4.049082,-2.781698,0.000000,1.000000,0.000000,0.000000,0.000000
0.710077,-1.258715,0.000000,0.000000,1.000000,0.000000,0.000000
2.777072,-0.349440,0.000000,1.000000,0.000000,0.000000,0.000000
-3.873629,4.048667,0.000000,0.000000,0.000000,0.000000,1.000000
4.649159,-1.211192,0.000000,1.000000,0.000000,0.000000,0.000000
-1.458651,-3.180064,0.000000,0.000000,0.000000,1.000000,0.000000
5.507389,3.068813,0.000000,1.000000,0.000000,0.000000,0.000000
1.465743,-4.407760,0.000000,0.000000,0.000000,1.000000,0.000000
-0.162017,-4.583432,0.000000,0.000000,0.000000,1.000000,0.000000
-3.662557,-2.878771,0.000000,0.000000,1.000000,0.000000,0.000000
-0.054083,-0.643878,0.000000,0.000000,1.000000,0.000000,0.000000
6.845491,-0.315401,0.000000,1.000000,0.000000,0.000000,0.000000
2.005272,-5.113361,0.000000,0.000000,0.000000,1.000000,0.000000
5.635850,3.736330,0.000000,1.000000,0.000000,0.000000,0.000000
-6.571242,-1.659502,0.000000,0.000000,1.000000,0.000000,0.000000
6.628121,3.572020,0.000000,1.000000,0.000000,0.000000,0.000000
-6.959893,2.250151,0.000000,0.000000,0.000000,0.000000,1.000000
-2.501951,-2.279052,0.000000,0.000000,1.000000,0.000000,0.000000
5.286304,3.784003,0.000000,1.000000,0.000000,0.000000,0.000000
-3.981259,5.589147,0.000000,0.000000,0.000000,0.000000,1.000000
-4.554990,1.822385,0.000000,0.000000,0.000000,0.000000,1.000000
4.029255,2.725156,0.000000,1.000000,0.000000,0.000000,0.000000
2.941049,2.037277,0.000000,1.000000,0.000000,0.000000,0.000000
-5.000397,0.089490,1.000000,0.000000,0.000000,0.000000,0.000000
-0.136623,-2.913173,0.000000,0.000000,0.000000,1.000000,0.000000
7.217799,0.667359,0.000000,1.000000,0.000000,0.000000,0.000000
-6.078132,2.684206,0.000000,0.000000,0.000000,0.000000,1.000000
3.358815,1.632426,0.000000,1.000000,0.000000,0.000000,0.000000
3.888779,-0.311261,0.000000,1.000000,0.000000,0.000000,0.000000
